PositionID,ParentPositionID,FullName,Remote ,In-Office,Department,JobTitle,City,Country,WorkLocation,Location,Work Phone,ReadytoRetire,SalaryGrade,IsVacant,Middle Name,DateOfBirth,State,Potential,Performance,RiskofLoss,Email,WorkPhoneExt,WorkerCategory,Zip Code,EmpStat,WorkAddress,Nationality,Ethnicity ,HireDate,IsPrimary,WorkLocationID,Salary,Gender,Age,Promotability,Mobile Phone,ScheduledHours,Position,Home Phone,First Name,Rating,EmployeeID,Budgeted Salary,Last Name,LeadershipPotential,BusinessUnit,isAssistant,Photo,Relocate,Target Headcount ,Contractor,dottedID,AuxSuperID,Shift,New Hire ,Status ,Engagement Score,Separations,Tenure,FTE,Project,Budgeted
2662,23170,Glenda Alvarado,,"Tues., Wed.",Operations,Continuous Improvement Lead,"Taipei 104-03, Taiwan",APAC,Taiwan,"Taipei:http://maps.google.com/maps?f=q&source=s_q&hl=en&geocode=&q=Taipei+City,+Taiwan&sll=37.462324,-122.13089&sspn=0.319386,0.594635&ie=UTF8&hq=&hnear=Taipei+City,+Taiwan&z=12",(415) 371-1919,No,18,,N,5/10/1946,CA,3,2,Low,galvarado@orgchart.com,x17369,C,94109,A,"121 Kearny Street, Ste 121",American,Two or More Races,6/18/2008,,,"$39,000",F,63,Immediate,(254) 325-9031,,Filled,0,Glenda,0,607,$,Alvarado,Flyer,,0,portrait_2017_091.jpg,Yes,0,Y,,,2,,U,1,,17,0.5,C,
4425,1,Penelope Parker,,"Mon., Tues., Wed.",Human Resources,"VP, Human Resources",London,EMEA,London,"San Francisco:http://maps.google.com/maps?f=q&hl=en&q=san+francisco,+ca&ll=37.806393,-122.418294&spn=0.014139,0.042915&t=k",(415) 371-1919,No,21,,U,12/16/1975,CA,3,1,Medium,pparker@orgchart.com,x09675,FT,94109,A,"121 Kearny Street, Ste 121",American,Two or More Races,5/23/1998,,,"$103,000",F,33,Immediate,(254) 325-8985,,Filled,0,Penelope ,0,14,"$805,000",Parker,Climber,,0,portrait_2017_038.jpg,No,12,,,,1,1,,1,,27,,B,
14495,10681,Mary Greene,,,Marketing,Marketing Manager,"San Francisco, CA 94109",USA,San Francisco,"San Francisco:http://maps.google.com/maps?f=q&hl=en&q=san+francisco,+ca&ll=37.806393,-122.418294&spn=0.014139,0.042915&t=k",(415) 371-1919,No,21,,P,10/19/1958,CA,3,3,Medium Low,mgreene@orgchart.com,x18525,FT,94109,A,"121 Kearny Street, Ste 121",French,Hispanic or Latino,4/11/1998,,,"$73,000",F,50,High,(313) 568-4657,,Filled,0,Mary,0,33,"$368,500",Greene,No,,0,407411.jpg,Yes,8,,,,2,,U,2,,27,1,E,
15367,14495,Jane Woods,,"Mon., Tues.",Marketing,Graphic Designer,"San Francisco, CA 94109",USA,San Francisco,"San Francisco:http://maps.google.com/maps?f=q&hl=en&q=san+francisco,+ca&ll=37.806393,-122.418294&spn=0.014139,0.042915&t=k",(415) 371-1919,No,18,,O,2/23/1967,CA,3,2,Low,jwoods@orgchart.com,x18128,FT,94109,A,"121 Kearny Street, Ste 121",American,Black or African American,4/11/1999,,,"$38,000",F,42,High,(568) 569-9049,,Filled,0,Jane,0,244,"$37,000",Woods,No,,0,Portrait_2017_046.jpg,Yes,0,,,,2,,F,4,,26,1,B,
15368,14495,Becky Werner,,"Mon., Tues., Wed.",Marketing,Analyst,"San Francisco, CA 94109",USA,San Francisco,"San Francisco:http://maps.google.com/maps?f=q&hl=en&q=san+francisco,+ca&ll=37.806393,-122.418294&spn=0.014139,0.042915&t=k",(415) 371-1919,No,18,,O,6/28/1968,CA,2,3,N/A,bwerner@orgchart.com,x02121,FT,94109,LOA,"121 Kearny Street, Ste 121",American,Black or African American,9/22/1992,,,"$36,000",F,40,Possible,(510) 354-9050,,Filled,0,Becky,0,365,"$38,500",Werner,Climber,,0,portrait_2017_081.jpg,N/A,0,,,,1,1,F,2,,33,1,E,
15369,14495,Carla Weller,,"Tues., Wed.",Marketing,Associate,"San Francisco, CA 94109",USA,San Francisco,"San Francisco:http://maps.google.com/maps?f=q&hl=en&q=san+francisco,+ca&ll=37.806393,-122.418294&spn=0.014139,0.042915&t=k",(415) 371-1919,No,18,,O,2/7/1969,CA,2,3,Medium High,cweller@orgchart.com,x01229,PT,94109,A,"121 Kearny Street, Ste 121",American,White,5/27/2004,,,"$38,000",F,40,Immediate,(408) 897-5714,,Filled,0,Carla,0,275,"$43,000",Weller,No,,0,portrait_2017_040.jpg,Yes,0,,,,2,,F,5,,21,0.5,A,
17770,10682,Smita Merchant,,"Mon., Tues., Wed.",Marketing,"Manager, Public Relations","San Francisco, CA 94109",USA,San Francisco,"San Francisco:http://maps.google.com/maps?f=q&hl=en&q=san+francisco,+ca&ll=37.806393,-122.418294&spn=0.014139,0.042915&t=k",(415) 371-1919,No,21,,N,10/28/1971,CA,1,2,Medium High,smerchant@orgchart.com,x23605,FT,94109,A,"121 Kearny Street, Ste 121",American,Hispanic or Latino,8/14/2006,,,"$65,000",F,37,Low,(510) 354-9059,,Filled,0,Smita,0,41,"$500,000",Merchant,Climber,,0,Face004.jpg,No,0,,,,2,,U,1,2,19,,C,
17775,14494,Felicia Fraser,,"Mon., Tues., Wed.",Marketing,Marketing Research Analyst,"San Francisco, CA 94109",USA,San Francisco,"San Francisco:http://maps.google.com/maps?f=q&hl=en&q=san+francisco,+ca&ll=37.806393,-122.418294&spn=0.014139,0.042915&t=k",(415) 371-1919,No,19,,O,3/13/1970,CA,2,2,Medium,ffraser@orgchart.com,x25924,C,94109,A,"121 Kearny Street, Ste 121",American,White,9/4/2000,,,"$56,000",F,39,High,(254) 325-9022,,Filled,0,Felicia,0,597,"$120,000",Fraser,No,,0,418251.jpg,Yes,0,,,,2,,F,2,,25,0.5,A,
18120,17770,Eileen Ferrera,,"Tues., Wed.",Marketing,Associate,"San Francisco, CA 94109",USA,San Francisco,"San Francisco:http://maps.google.com/maps?f=q&hl=en&q=san+francisco,+ca&ll=37.806393,-122.418294&spn=0.014139,0.042915&t=k",(415) 371-1919,No,18,,O,1/13/1971,CA,2,2,Low,eferrera@orgchart.com,x05505,PT,94109,A,"121 Kearny Street, Ste 121",American,White,5/9/1998,,,"$38,000",F,38,Low,(568) 569-9054,,Filled,0,Eileen,0,278,"$40,500",Ferrera,Flyer,,0,Portrait_2017_041.jpg,Yes,0,,,,2,,F,2,,27,0.5,C,
18121,17770,Susan Ferguson,,"Tues., Wed.",Marketing,Associate,"San Francisco, CA 94109",USA,San Francisco,"San Francisco:http://maps.google.com/maps?f=q&hl=en&q=san+francisco,+ca&ll=37.806393,-122.418294&spn=0.014139,0.042915&t=k",(415) 371-1919,Yes,18,,O,1/6/1941,CA,2,2,High,sferguson@orgchart.com,x18438,FT,94109,A,"121 Kearny Street, Ste 121",American,Asian,6/11/2004,,,"$36,000",F,68,Immediate,(510) 354-9055,,Filled,0,Susan,0,397,"$42,000",Ferguson,Flyer,,0,Portrait_2017_046.jpg,Yes,0,,,,2,,F,4,,21,1,E,
18181,17769,Nataliya Arbouzova,,"Tues., Wed.",Marketing,Analyst,"San Francisco, CA 94109",USA,San Francisco,"San Francisco:http://maps.google.com/maps?f=q&hl=en&q=san+francisco,+ca&ll=37.806393,-122.418294&spn=0.014139,0.042915&t=k",(415) 371-1919,Yes,18,,O,3/2/1941,CA,2,3,Medium High,narbouzova@orgchart.com,x00819,PT,94109,A,"121 Kearny Street, Ste 121",American,White,6/3/1996,,,"$36,000",F,68,Low,(568) 569-9055,,Filled,0,Nataliya,0,421,"$31,500",Arbouzova,Climber,,0,portrait_2017_079.JPG,No,0,,,,1,,F,4,,29,0.5,D,
18384,17769,Cathy Plunkett,1,,Marketing,Associate,"San Francisco, CA 94109",USA,San Francisco,"San Francisco:http://maps.google.com/maps?f=q&hl=en&q=san+francisco,+ca&ll=37.806393,-122.418294&spn=0.014139,0.042915&t=k",(415) 371-1919,No,18,,N,11/26/1966,CA,3,2,Medium,cplunkett@orgchart.com,x01605,FT,94109,A,"121 Kearny Street, Ste 121",American,White,12/10/2003,,,"$35,000",F,42,Low,(510) 354-9058,,Filled,0,Cathy,0,441,"$40,000",Plunkett,Flyer,,0,Portrait_2017_047.jpg,Yes,0,,,,1,,F,3,,22,1,B,
18473,14494,Christine King,,,Marketing,Public Relations,"San Francisco, CA 94109",USA,San Francisco,"San Francisco:http://maps.google.com/maps?f=q&hl=en&q=san+francisco,+ca&ll=37.806393,-122.418294&spn=0.014139,0.042915&t=k",(415) 371-1919,No,19,,N,11/22/1983,CA,3,2,High,cking@orgchart.com,x17979,FT,94109,A,"121 Kearny Street, Ste 121","American, French",Hispanic or Latino,5/10/1997,,,"$53,000",F,25,Low,(313) 568-4669,,Filled,0,Christine,0,64,"$58,500",King,Climber,,0,418267.jpg,Yes,0,,,,1,,,2,,28,1,C,
18475,18472,Pamela Mendle,1,,Marketing,Brand Strategist,"San Francisco, CA 94109",USA,San Francisco,"San Francisco:http://maps.google.com/maps?f=q&hl=en&q=san+francisco,+ca&ll=37.806393,-122.418294&spn=0.014139,0.042915&t=k",(415) 371-1919,No,18,,N,6/4/1946,CA,1,2,Medium Low,pmendle@orgchart.com,x32071,FT,94109,A,"121 Kearny Street, Ste 121",American,White,6/10/1998,,,"$35,000",F,62,Low,(313) 568-4668,,Filled,0,Pamela,0,480,"$38,500",Mendle,Flyer,,0,Portrait_2017_048.jpg,No,0,,,,2,,F,3,,27,1,A,
2,1,Jessica Brando,,,Executive,Exec Secretary,"San Francisco, CA 94109",USA,San Francisco,"San Francisco:http://maps.google.com/maps?f=q&hl=en&q=san+francisco,+ca&ll=37.806393,-122.418294&spn=0.014139,0.042915&t=k",(415) 371-1919,No,20,,Z,4/24/1971,CA,3,3,Medium,jbrando@orgchart.com,x13028,FT,94109,A,"121 Kearny Street, Ste 121",American,White,6/3/1995,,,"$60,000",F,38,High,(313) 568-4587,,Filled,0,Jessica,0,52,"$55,000",Brando,No,,1,portrait_2017_073.jpg,No,0,,,,2,,F,1,,30,1,A,
23164,6,Cheryl Drake,,"Mon., Tues.",Operations,"Director, Purchasing","San Francisco, CA 94109",USA,San Francisco,"San Francisco:http://maps.google.com/maps?f=q&hl=en&q=san+francisco,+ca&ll=37.806393,-122.418294&spn=0.014139,0.042915&t=k",(415) 371-1919,No,21,,N,6/11/1967,CA,3,3,Medium Low,cdrake@orgchart.com,x00342,FT,94109,A,"121 Kearny Street, Ste 121",American,White,8/19/2003,,,"$83,000",F,41,Possible,(313) 568-4671,,Filled,0,Cheryl,0,28,"$897,000",Danforth,Climber,,0,portrait_2017_061.JPG,No,20,,,,2,,F,2,5,22,,F,
23167,6,Jim,1,,Operations,"Director, Facilities","San Francisco, CA 94109",USA,San Francisco,"San Francisco:http://maps.google.com/maps?f=q&hl=en&q=san+francisco,+ca&ll=37.806393,-122.418294&spn=0.014139,0.042915&t=k",(415) 371-1919,No,21,,I,9/13/1967,CA,2,3,Low,jlafleur@orgchart.com,x16391,FT,94109,A,"121 Kearny Street, Ste 121",American,Black or African American,6/17/1998,,,"$106,000",F,41,Possible,(568) 569-9088,,Filled,0,Jim,0,11,"$120,000",Lafleur,No,,0,portrait_2017_010.jpg,No,15,,,,1,,U,5,3,27,,D,
23170,23164,Colleen Crane,,"Mon., Tues., Wed.",Operations,Senior Analyst,"San Francisco, CA 94109",USA,San Francisco,"San Francisco:http://maps.google.com/maps?f=q&hl=en&q=san+francisco,+ca&ll=37.806393,-122.418294&spn=0.014139,0.042915&t=k",(415) 371-1919,No,19,,N,4/4/1969,CA,1,3,Medium,ccrane@orgchart.com,x13622,FT,94109,A,"121 Kearny Street, Ste 121",American,Two or More Races,4/14/1997,,,"$50,000",F,40,Low,(568) 569-9062,,Filled,0,Colleen,0,82,"$254,000",Crane,No,,0,418940.jpg,Yes,0,,,,1,,,1,,28,1,A,
23179,23170,Pamela Andronico,,"Tues., Wed.",Operations,Continuous Improvement Lead,"Taipei 104-03, Taiwan",APAC,Taiwan,"Taipei:http://maps.google.com/maps?f=q&source=s_q&hl=en&geocode=&q=Taipei+City,+Taiwan&sll=37.462324,-122.13089&sspn=0.319386,0.594635&ie=UTF8&hq=&hnear=Taipei+City,+Taiwan&z=12",(415) 371-1919,Yes,18,,N,4/27/1941,CA,3,2,High,pandronico@orgchart.com,x08725,FT,94109,A,"121 Kearny Street, Ste 121",American,Two or More Races,10/14/1998,,,"$36,000",F,68,Immediate,(313) 568-4672,,Filled,0,Pamela,0,394,"$42,000",Andronico,Flyer,,0,portrait_2018_011.jpg,No,0,,,,1,,U,4,,27,1,D,
23892,23164,Lena Lankerovich,,"Mon., Tues., Wed.",Operations,Senior Analyst,"New York, NY",USA,New York,"New York Office:http://maps.google.com/maps?f=q&hl=en&q=new+York,+USA&ll=40.730348,-73.956184&spn=0.108489,0.343323&t=k",(415) 371-1919,No,19,,L,12/4/1970,NY,1,1,Low,llankerovich@orgchart.com,x23699,C,10022,A,725 5th Ave,American,Two or More Races,12/4/2002,,,"$32,000",F,38,Possible,(313) 568-4680,,Filled,0,Lena,0,645,"$120,000",Lankerovich,No,,0,418879.jpg,No,0,,,,1,,,1,,23,0.5,F,
23899,23892,Donna Gleason,,"Mon., Tues., Wed.",Operations,Analyst,London,EMEA,London,"London Office:http://maps.google.com/maps?f=q&hl=en&q=london,+uk&ll=51.500197,-0.126197&spn=5.704974,21.972656",(415) 371-1919,No,18,,L,8/3/1946,NY,1,3,High,dgleason@orgchart.com,x19807,FT,10022,A,725 5th Ave,American,White,3/7/1996,,,"$35,000",F,62,Possible,(510) 354-9072,,Filled,0,Donna,0,449,"$41,000",Gleason,No,,0,Portrait_2017_096.jpg,No,0,,,,1,1,F,1,,29,1,B,
23901,23892,Zoya Fokina,1,,Operations,Analyst,London,EMEA,London,"London Office:http://maps.google.com/maps?f=q&hl=en&q=london,+uk&ll=51.500197,-0.126197&spn=5.704974,21.972656",(415) 371-1919,Yes,18,,L,12/23/1941,NY,2,2,High,zfokina@orgchart.com,x22825,PT,10022,A,725 5th Ave,American,White,6/18/1998,,,"$39,000",F,67,Possible,(313) 568-4681,,Filled,0,Zoya,0,220,"$40,500",Fokina,Climber,,0,Portrait_2017_097.jpg,Yes,0,,,,2,,F,4,,27,0.5,F,
24267,30859,Jignesh Mistry,1,,Professional Services,"Manager, Services","New York, NY",USA,New York,"New York Office:http://maps.google.com/maps?f=q&hl=en&q=new+York,+USA&ll=40.730348,-73.956184&spn=0.108489,0.343323&t=k",(415) 371-1919,No,20,,K,7/1/1969,NY,1,3,Medium Low,jmistry@orgchart.com,x22197,FT,10022,A,725 5th Ave,American,White,12/14/1998,Yes,,"$39,000",F,39,Low,(313) 568-4684,,Filled,0,Jignesh,0,176,"$38,500",Mistry,Flyer,,0,portrait_2017_105.JPG,No,0,,,,1,,F,3,1,27,,F,
24269,23892,Caroline Lockhart,,"Mon., Tues., Wed.",Operations,Analyst,"New York, NY",USA,New York,"New York Office:http://maps.google.com/maps?f=q&hl=en&q=new+York,+USA&ll=40.730348,-73.956184&spn=0.108489,0.343323&t=k",(415) 371-1919,No,18,,K,6/15/1971,NY,3,2,Medium Low,clockhart@orgchart.com,x24220,FT,10022,A,725 5th Ave,American,White,8/6/2007,,,"$38,000",F,24,Possible,(568) 569-9075,,Filled,0,Caroline,0,232,"$40,500",Lockhart,Flyer,,0,Portrait_2018_007.jpg,No,0,,,,2,1,F,5,,18,1,B,
24486,6,Lori Greener,1,,Operations,"Director, Operations","San Francisco, CA 94109",USA,San Francisco,"San Francisco:http://maps.google.com/maps?f=q&hl=en&q=san+francisco,+ca&ll=37.806393,-122.418294&spn=0.014139,0.042915&t=k",(415) 371-1919,Yes,20,,K,7/18/1964,CA,1,3,Low,lgreener@orgchart.com,x14716,C,94109,A,"121 Kearny Street, Ste 121",French,White,9/7/2003,,,"$68,000",F,44,Low,(313) 568-4686,,Filled,0,Lori,0,648,$,Greener,Flyer,,0,portrait_2017_105.JPG,No,6,,,,2,,F,3,,22,,B,
24490,24486,Abby Greene,1,,Operations,Senior Analyst,"San Francisco, CA 94109",USA,San Francisco,"San Francisco:http://maps.google.com/maps?f=q&hl=en&q=san+francisco,+ca&ll=37.806393,-122.418294&spn=0.014139,0.042915&t=k",(415) 371-1919,No,19,,K,1/2/1961,CA,1,2,N/A,agreene@orgchart.com,x09493,FT,94109,LOA,"121 Kearny Street, Ste 121",French,Hispanic or Latino,2/10/2004,,,"$53,000",F,48,Low,(254) 325-9045,,Filled,0,Abby,0,63,"$58,000",Greene,No,,0,Portrait_2017_028.jpg,N/A,0,,,,1,,,2,,21,1,A,
24494,23164,Pamela Henderson,,,Operations,Continuous Improvement Lead,"Taipei 104-03, Taiwan",APAC,Taiwan,"Taipei:http://maps.google.com/maps?f=q&source=s_q&hl=en&geocode=&q=Taipei+City,+Taiwan&sll=37.462324,-122.13089&sspn=0.319386,0.594635&ie=UTF8&hq=&hnear=Taipei+City,+Taiwan&z=12",(415) 371-1919,No,19,,J,5/1/1961,CA,1,3,Low,phenderson@orgchart.com,x04190,C,94109,A,"121 Kearny Street, Ste 121",British,Native Hawaiian or Other Pacific Islander,5/10/2004,,,"$59,000",F,48,Possible,(254) 325-9050,,Filled,0,Pamela,0,665,$,Henderson,Climber,,0,portrait_2017_083.jpg,Yes,0,,,,2,,F,4,,21,0.5,F,
24496,24490,Dana Farman,,,Operations,Analyst,"San Francisco, CA 94109",USA,San Francisco,"San Francisco:http://maps.google.com/maps?f=q&hl=en&q=san+francisco,+ca&ll=37.806393,-122.418294&spn=0.014139,0.042915&t=k",(415) 371-1919,Yes,18,,K,11/18/1941,CA,2,3,Medium,dfarman@orgchart.com,x04362,FT,94109,A,"121 Kearny Street, Ste 121",British,White,6/12/1998,,,"$39,000",F,67,Possible,(408) 897-5742,,Filled,0,Dana,0,165,"$41,500",Farman,No,,0,portrait_2018_016.jpg,Yes,0,,,,1,1,F,1,,27,1,F,
24498,24490,Blythe Feinberg,,"Tues., Thrs.",Operations,Analyst,"San Francisco, CA 94109",USA,San Francisco,"San Francisco:http://maps.google.com/maps?f=q&hl=en&q=san+francisco,+ca&ll=37.806393,-122.418294&spn=0.014139,0.042915&t=k",(415) 371-1919,Yes,18,,K,10/4/1941,CA,3,2,Medium High,bfeinberg@orgchart.com,x31110,FT,94109,A,"121 Kearny Street, Ste 121",Danish,Native Hawaiian or Other Pacific Islander,10/7/1994,,,"$39,000",F,24,Possible,(510) 354-9078,,Filled,0,Blythe,0,157,"$45,550",Feinberg,Flyer,,0,portrait_2018_017.jpg,Yes,0,,,,1,1,F,3,,31,1,A,
24985,24982,Anna Cunningham,,"Mon., Tues., Wed.",Operations,Analyst,London,EMEA,London,"London Office:http://maps.google.com/maps?f=q&hl=en&q=london,+uk&ll=51.500197,-0.126197&spn=5.704974,21.972656",(415) 371-1919,No,18,,J,3/25/1969,CA,3,2,Medium Low,acunningham@orgchart.com,x24145,FT,94109,A,"121 Kearny Street, Ste 121",American,White,7/1/1996,,,"$35,000",F,40,Immediate,(568) 569-9083,,Filled,0,Anna,0,433,"$40,000",Cunningham,No,,0,portrait_2018_013.jpg,Yes,0,,,,1,1,U,4,,29,1,B,
25023,24979,Lori Black,,"Tues., Wed.",Operations,Coordinator,London,EMEA,London,"London Office:http://maps.google.com/maps?f=q&hl=en&q=london,+uk&ll=51.500197,-0.126197&spn=5.704974,21.972656",(415) 371-1919,No,18,,J,7/17/1971,CA,3,3,Medium,lblack@orgchart.com,x10055,PT,94109,A,"121 Kearny Street, Ste 121",American,Asian,5/24/1992,,,"$38,000",F,37,Possible,(408) 897-5748,,Filled,0,Lori,0,283,"$41,000",Black,No,,0,portrait_2018_014.jpg,No,0,,,,1,,U,3,,33,0.5,C,
25192,24982,Lena Sedova,,,Operations,Continuous Improvement Lead,London,EMEA,London,"London Office:http://maps.google.com/maps?f=q&hl=en&q=london,+uk&ll=51.500197,-0.126197&spn=5.704974,21.972656",(415) 371-1919,No,18,,I,1/5/1985,CA,1,2,Medium Low,lsedova@orgchart.com,x23881,FT,94109,A,"121 Kearny Street, Ste 121",British,White,1/4/2002,,,"$38,000",F,24,High,(510) 354-9087,,Filled,0,Lena,0,251,"$41,500",Sedova,Climber,,0,portrait_2018_012.jpg,No,0,,,,2,,U,1,,23,1,E,
28348,23167,Zoya Kolpatcheva,1,,Operations,"Manager, Operations","San Francisco, CA 94109",USA,San Francisco,"San Francisco:http://maps.google.com/maps?f=q&hl=en&q=san+francisco,+ca&ll=37.806393,-122.418294&spn=0.014139,0.042915&t=k",(415) 371-1919,No,20,,I,12/24/1941,CA,2,1,High,zkolpatcheva@orgchart.com,x02220,C,94109,A,"121 Kearny Street, Ste 121",American,White,2/10/2009,,,"$78,000",F,67,Low,(510) 354-9089,,Filled,0,Zoya,0,698,"$350,000",Kolpatcheva,No,,0,portrait_2017_105.jpg,Yes,10,,,,1,,F,3,1,16,,A,
30858,23167,Cheryl Parker,,,Professional Services,"Manager, Projects","San Francisco, CA 94109",USA,San Francisco,"San Francisco:http://maps.google.com/maps?f=q&hl=en&q=san+francisco,+ca&ll=37.806393,-122.418294&spn=0.014139,0.042915&t=k",(415) 371-1919,No,21,,F,6/12/1969,CA,3,3,N/A,cparker@orgchart.com,x21577,FT,94109,LOA,"121 Kearny Street, Ste 121",British,Native Hawaiian or Other Pacific Islander,3/27/1993,,,"$103,000",F,39,Low,(254) 325-9075,,Filled,0,Cheryl,0,12,"$316,000",Parker,Climber,,0,portrait_2018_005.JPG,N/A,5,,,,2,,F,3,2,32,,B,
30859,10681,Lian Wang,,"Mon., Tues.",Professional Services,"Manager, Projects","San Francisco, CA 94109",USA,San Francisco,"San Francisco:http://maps.google.com/maps?f=q&hl=en&q=san+francisco,+ca&ll=37.806393,-122.418294&spn=0.014139,0.042915&t=k",(415) 371-1919,No,21,,E,2/8/1968,CA,2,1,Medium,lwang@orgchart.com,x17668,FT,94109,A,"121 Kearny Street, Ste 121",American,Hispanic or Latino,11/7/1994,,,"$109,000",F,41,Low,(510) 354-9113,,Filled,0,Lian,0,10,"$420,000",Wang,Climber,,0,Face019.jpg,Yes,3,,,,2,,F,2,2,31,,B,
33927,30858,Dawn Campion,1,,Professional Services,"Manager, Training","San Francisco, CA 94109",USA,San Francisco,"San Francisco:http://maps.google.com/maps?f=q&hl=en&q=san+francisco,+ca&ll=37.806393,-122.418294&spn=0.014139,0.042915&t=k",(415) 371-1919,No,20,,F,6/4/1974,CA,3,2,Low,dcampion@orgchart.com,x05776,FT,94109,A,"121 Kearny Street, Ste 121","American, French",Hispanic or Latino,7/25/2003,,,"$74,000",F,34,Possible,(254) 325-9078,,Filled,0,Dawn,0,31,"$65,000",Campion,Flyer,,0,portrait_2017_018.jpg,No,0,,,,2,,F,1,1,22,,B,
35461,30859,Maria Timasheva,,"Mon., Tues.",Professional Services,"Manager, Consulting","San Francisco, CA 94109",USA,San Francisco,"San Francisco:http://maps.google.com/maps?f=q&hl=en&q=san+francisco,+ca&ll=37.806393,-122.418294&spn=0.014139,0.042915&t=k",(415) 371-1919,No,20,,E,7/13/1969,CA,3,3,Low,mtimasheva@orgchart.com,x22219,FT,94109,A,"121 Kearny Street, Ste 121",American,American Indian or Alaska Native Count,6/29/1996,,,"$38,000",F,39,Low,(408) 897-5777,,Filled,0,Maria,0,254,"$69,500",Timasheva,Flyer,,0,portrait_2017_075.jpg,No,0,,,,1,,F,3,2,29,,D,
40590,40587,Yi Meng,,,Technology,"Manager, Information Systems","Taipei 104-03, Taiwan",APAC,Taiwan,"Taipei:http://maps.google.com/maps?f=q&source=s_q&hl=en&geocode=&q=Taipei+City,+Taiwan&sll=37.462324,-122.13089&sspn=0.319386,0.594635&ie=UTF8&hq=&hnear=Taipei+City,+Taiwan&z=12",(415) 371-1919,No,20,,B,9/18/1970,TP,3,3,Medium Low,ymeng@orgchart.com,x00014,FT,0,A,"3rd Floor, 17 Min Chuan East Road, Section 4",Taiwanese,Asian,4/7/1994,,,"$60,000",F,38,High,(408) 897-5794,,Filled,0,Yi,0,53,"$164,000",Meng,Climber,,0,portrait_2018_001.jpg,No,6,,,,2,,U,2,,31,,C,
40728,40727,Roseline Leger,1,,Technology,Senior Analyst,London,EMEA,London,"London Office:http://maps.google.com/maps?f=q&hl=en&q=london,+uk&ll=51.500197,-0.126197&spn=5.704974,21.972656",(415) 371-1919,No,19,,W,6/23/1941,CA,3,3,Medium Low,rleger@orgchart.com,x29660,C,94109,A,"121 Kearny Street, Ste 121",American,Two or More Races,12/10/2009,Yes,,"$78,000",F,67,Immediate,(510) 354-9131,,Filled,0,Roseline,0,677,$,Leger,No,,0,Portrait_2017_013.jpg,Yes,0,,,,1,,,5,,16,0.5,B,
42619,40588,Christine Stockton,1,,Technology,"Manager, IS","New York, NY",USA,New York,"New York Office:http://maps.google.com/maps?f=q&hl=en&q=new+York,+USA&ll=40.730348,-73.956184&spn=0.108489,0.343323&t=k",(415) 371-1919,Yes,20,,A,12/23/1941,NY,2,3,Low,cstockton@orgchart.com,x18112,FT,10022,A,725 5th Ave,"American, Korean",Two or More Races,5/30/1998,,,"$73,000",F,67,Low,(254) 325-9103,,Filled,0,Christine,0,34,"$377,000",Stockton,No,,0,portrait_2017_018.jpg,No,10,,,,2,,U,3,2,27,,C,
42620,40588,Angela Ingram,1,,Technology,Senior Analyst,London,EMEA,London,"London Office:http://maps.google.com/maps?f=q&hl=en&q=london,+uk&ll=51.500197,-0.126197&spn=5.704974,21.972656",(415) 371-1919,No,19,,B,2/24/1964,CA,2,3,Medium,aingram@orgchart.com,x07637,C,94109,A,"121 Kearny Street, Ste 121",French,Hispanic or Latino,1/18/2003,,,"$59,000",F,45,High,(510) 354-9132,,Filled,0,Angela,0,535,$,Ingram,Climber,,0,Portrait_2017_027.jpg,No,0,,,,2,,,1,,22,0.5,B,
42627,42620,Mao Guo,,"Tues., Thrs.",Technology,Application Developer,"San Francisco, CA 94109",EMEA,London,"San Francisco:http://maps.google.com/maps?f=q&hl=en&q=san+francisco,+ca&ll=37.806393,-122.418294&spn=0.014139,0.042915&t=k",(415) 371-1919,No,18,,B,2/4/1948,CA,1,2,Low,mguo@orgchart.com,x22768,PT,94109,A,"121 Kearny Street, Ste 121",French,White,3/20/1993,,,"$37,000",F,61,High,(313) 568-4741,,Filled,0,Mao,0,348,"$33,000",Guo,Climber,,0,portrait_2018_020.jpg,Yes,0,,,,2,,F,5,,32,0.5,D,
42730,42622,Blaire Crenshaw,,"Tues., Wed.",Technology,Data Entry,"San Francisco, CA 94109",EMEA,London,"San Francisco:http://maps.google.com/maps?f=q&hl=en&q=san+francisco,+ca&ll=37.806393,-122.418294&spn=0.014139,0.042915&t=k",(415) 371-1919,No,18,,B,8/28/1967,CA,3,1,N/A,bcrenshaw@orgchart.com,x24510,FT,94109,LOA,"121 Kearny Street, Ste 121",American,Asian,3/19/1993,,,"$38,000",F,41,Low,(568) 569-9133,,Filled,0,Blaire,0,227,"$37,000",Crenshaw,No,,0,Portrait_2017_037.jpg,N/A,0,,,,1,,F,1,,32,1,F,
42808,42623,Hanna Conklin,1,,Technology,Network Administrator,"San Francisco, CA 94109",USA,San Francisco,"San Francisco:http://maps.google.com/maps?f=q&hl=en&q=san+francisco,+ca&ll=37.806393,-122.418294&spn=0.014139,0.042915&t=k",(415) 371-1919,No,18,,B,10/20/1969,CA,2,3,Medium High,hconklin@orgchart.com,x28506,C,94109,A,"121 Kearny Street, Ste 121",American,Two or More Races,10/10/2008,,,"$56,000",F,39,Immediate,(408) 897-5798,,Filled,0,Hanna,0,610,$,Conklin,No,,0,Portrait_2017_034.jpg,No,0,,,,2,,U,4,,17,0.5,B,
43390,42619,Courtney Brogan,,"Tues., Thrs.",Technology,Software Engineer,"San Francisco, CA 94109",USA,San Francisco,"San Francisco:http://maps.google.com/maps?f=q&hl=en&q=san+francisco,+ca&ll=37.806393,-122.418294&spn=0.014139,0.042915&t=k",(415) 371-1919,No,18,,A,7/9/1961,CA,1,3,Medium High,cbrogan@orgchart.com,x19931,FT,94109,A,"121 Kearny Street, Ste 121",British,American Indian or Alaska Native Count,3/25/2003,,,"$39,000",F,47,Possible,(313) 568-4750,,Filled,0,Courtney,0,164,"$36,000",Brogan,Climber,,0,portrait_2017_069.jpg,No,0,,,,2,1,,2,,22,1,B,
43394,42619,Wendy Alexander,1,,Technology,Software Engineer,"San Francisco, CA 94109",USA,San Francisco,"San Francisco:http://maps.google.com/maps?f=q&hl=en&q=san+francisco,+ca&ll=37.806393,-122.418294&spn=0.014139,0.042915&t=k",(415) 371-1919,No,18,,A,6/12/1967,CA,1,2,Medium,walexander@orgchart.com,x31894,FT,94109,A,"121 Kearny Street, Ste 121",American,American Indian or Alaska Native Count,12/6/2007,,,"$39,000",F,41,Immediate,(408) 897-5806,,Filled,0,Wendy,0,489,"$33,000",Alexander,No,,0,Portrait_2018_028.jpg,No,0,,,,1,,,3,,18,1,C,
4426,4,Glenda Frampton,,"Tues., Wed.",Finance,Corporate Controller,London,EMEA,London,"San Francisco:http://maps.google.com/maps?f=q&hl=en&q=san+francisco,+ca&ll=37.806393,-122.418294&spn=0.014139,0.042915&t=k",(415) 371-1919,No,23,,T,6/11/1948,CA,1,3,Low,gframpton@orgchart.com,x03672,FT,94109,A,"121 Kearny Street, Ste 121",American,Black or African American,8/10/1997,,,"$99,000",F,60,Possible,(408) 897-5688,,Filled,0,Glenda,0,19,"$925,648",Frampton,Flyer,,0,portrait_2017_085.JPG,No,14,,,,2,,U,2,,28,1,D,
4429,4425,Anna Nishanova,1,,Human Resources,"Manager, Recruiting","Taipei 104-03, Taiwan",APAC,Taiwan,"Taipei:http://maps.google.com/maps?f=q&source=s_q&hl=en&geocode=&q=Taipei+City,+Taiwan&sll=37.462324,-122.13089&sspn=0.319386,0.594635&ie=UTF8&hq=&hnear=Taipei+City,+Taiwan&z=12",(415) 371-1919,Yes,20,,U,5/1/1970,CA,1,2,N/A,anishanova@orgchart.com,x17512,PT,94109,LOA,"121 Kearny Street, Ste 121",American,White,6/2/2005,,,"$62,000",F,39,High,(568) 569-9017,,Filled,0,Anna,0,49,"$260,000",Nishanova,No,,0,portrait_2017_103.JPG,N/A,0,,,,1,,U,5,2,20,,E,
4435,4425,Clair Patrick,,"Tues., Thrs.",Human Resources,"Manager, Benefits","San Francisco, CA 94109",USA,San Francisco,"San Francisco:http://maps.google.com/maps?f=q&hl=en&q=san+francisco,+ca&ll=37.806393,-122.418294&spn=0.014139,0.042915&t=k",(415) 371-1919,No,19,,U,1/26/1964,CA,1,3,Medium Low,cpatrick@orgchart.com,x01565,PT,94109,A,"121 Kearny Street, Ste 121",French,Native Hawaiian or Other Pacific Islander,5/23/1995,,,"$40,000",F,45,High,(254) 325-8986,,Filled,0,Clair,0,148,"$105,000",Patrick,Flyer,,0,Face022.jpg,Yes,3,,,,2,,U,1,2,30,,D,
4472,4524,Jane Long,,"Tues., Thrs.",Human Resources,"Manager, Payroll","San Francisco, CA 94109",USA,San Francisco,"San Francisco:http://maps.google.com/maps?f=q&hl=en&q=san+francisco,+ca&ll=37.806393,-122.418294&spn=0.014139,0.042915&t=k",(415) 371-1919,Yes,18,,U,1/21/1941,CA,2,2,High,jlong@orgchart.com,x12210,FT,94109,A,"121 Kearny Street, Ste 121",Danish,White,7/6/2006,,,"$39,000",F,68,Low,(408) 897-5683,,Filled,0,Jane,0,173,"$106,500",Long,Climber,,0,portrait_2017_107.jpg,No,5,,,,2,,F,1,2,19,,C,
4524,4425,Ana Spiridonova,,"Tues., Wed.",Human Resources,"Director, Benefits","San Francisco, CA 94109",USA,San Francisco,"San Francisco:http://maps.google.com/maps?f=q&hl=en&q=san+francisco,+ca&ll=37.806393,-122.418294&spn=0.014139,0.042915&t=k",(415) 371-1919,Yes,19,,T,5/2/1941,CA,1,2,Low,aspiridonova@orgchart.com,x31948,FT,94109,A,"121 Kearny Street, Ste 121",American,Native Hawaiian or Other Pacific Islander,4/7/1997,,,"$50,000",F,68,Low,(568) 569-9021,,Filled,0,Ana,0,81,"$557,500",Spiridonova,Flyer,,0,portrait_2018_010.JPG,No,15,,,,2,,F,1,2,28,,B,
613,40727,Maria Allakhverdyan,1,,Technology,Product Manager,"San Francisco, CA 94109",USA,San Francisco,"San Francisco:http://maps.google.com/maps?f=q&hl=en&q=san+francisco,+ca&ll=37.806393,-122.418294&spn=0.014139,0.042915&t=k",(415) 371-1919,No,20,,Z,5/10/1941,CA,1,2,High,mallakhverdyan@orgchart.com,x22137,C,94109,,"121 Kearny Street, Ste 121",Danish,American Indian or Alaska Native Count,5/20/1992,Yes,,"$65,000",F,68,Immediate,(313) 568-4737,,Filled,0,Maria,0,321,$,Allakhverdyan,No,,0,Portrait_2017_032.jpg,No,0,,,,1,,U,4,,33,0.5,D,
6870,4426,Alison Fireside,,"Mon., Tues.",Finance,"Manager, Finance Recruiting","San Francisco, CA 94109",USA,San Francisco,"San Francisco:http://maps.google.com/maps?f=q&hl=en&q=san+francisco,+ca&ll=37.806393,-122.418294&spn=0.014139,0.042915&t=k",(415) 371-1919,Yes,20,,T,5/6/1966,CA,1,2,Medium,afireside@orgchart.com,x07710,C,94109,A,"121 Kearny Street, Ste 121",American,Black or African American,11/6/2004,,,"$68,000",F,43,High,(313) 568-4633,,Filled,0,Alison,0,530,"$320,000",Fireside,Climber,,0,Face023.jpg,Yes,9,,,,2,,U,1,3,21,,C,
6871,4426,Ai Su,,"Mon., Tues.",Finance,"Manager, Corporate Finance","San Francisco, CA 94109",USA,San Francisco,"San Francisco:http://maps.google.com/maps?f=q&hl=en&q=san+francisco,+ca&ll=37.806393,-122.418294&spn=0.014139,0.042915&t=k",(415) 371-1919,Yes,20,,S,2/27/1941,CA,3,3,Medium High,asu@orgchart.com,x21517,FT,94109,A,"121 Kearny Street, Ste 121",American,,6/17/1998,,,"$72,000",F,68,High,(408) 897-5690,,Filled,0,Ai,0,36,"$250,000",Su,Flyer,,0,portrait_2017_090.JPG,Yes,6,,,,2,,U,2,2,27,,B,
6873,6870,Casey Cox,,"Mon., Tues., Wed.",Finance,Senior Analyst,"San Francisco, CA 94109",USA,San Francisco,"San Francisco:http://maps.google.com/maps?f=q&hl=en&q=san+francisco,+ca&ll=37.806393,-122.418294&spn=0.014139,0.042915&t=k",(415) 371-1919,No,19,,T,7/17/1970,CA,2,3,Medium,ccox@orgchart.com,x10350,FT,94109,A,"121 Kearny Street, Ste 121",American,Hispanic or Latino,7/2/1996,,,"$46,000",F,38,Immediate,(408) 897-5689,,Filled,0,Casey,0,109,"$250,000",Cox,Flyer,,0,417947.jpg,Yes,0,,,,1,,,2,,29,1,F,
6874,6872,Anna Drobyn,,"Mon., Tues., Wed.",Finance,Analyst,"San Francisco, CA 94109",USA,San Francisco,"San Francisco:http://maps.google.com/maps?f=q&hl=en&q=san+francisco,+ca&ll=37.806393,-122.418294&spn=0.014139,0.042915&t=k",(415) 371-1919,No,18,,T,3/26/1968,CA,3,2,Low,adrobyn@orgchart.com,x10969,FT,94109,A,"121 Kearny Street, Ste 121",American,White,6/2/2005,,,"$39,000",F,41,High,(568) 569-9024,,Filled,0,Anna,0,153,"$35,500",Drobyn,Flyer,,0,Face035.jpg,Yes,0,Y,,,2,1,U,5,,20,1,C,
6904,6873,Anne Bi,,"Mon., Tues., Wed.",Finance,Analyst,"San Francisco, CA 94109",EMEA,London,"London Office:http://maps.google.com/maps?f=q&hl=en&q=london,+uk&ll=51.500197,-0.126197&spn=5.704974,21.972658",(415) 371-1919,No,18,,T,6/4/1946,CA,2,3,Medium Low,abi@orgchart.com,x01389,C,94109,A,"121 Kearny Street, Ste 121",American,Hispanic or Latino,7/7/2004,,,"$53,000",F,62,Possible,(568) 569-9025,,Filled,0,Anne,0,537,$,Bi,No,,0,Face034.jpg,No,0,,,,2,1,F,3,,21,0.5,D,
6982,6871,Manish Sehgal,,,Finance,Analyst,"San Francisco, CA 94109",USA,San Francisco,"San Francisco:http://maps.google.com/maps?f=q&hl=en&q=san+francisco,+ca&ll=37.806393,-122.418294&spn=0.014139,0.042915&t=k",(415) 371-1919,No,18,,N,10/23/1974,CA,2,3,N/A,msehgal@orgchart.com,x10007,C,94109,A,"121 Kearny Street, Ste 121","American, Indian",American Indian or Alaska Native Count,6/15/2006,,,"$45,000",F,34,Immediate,(254) 325-8994,,Filled,0,Manish,0,182,$,Sehgal,Climber,,0,Face032.jpg,N/A,0,,,,1,,F,5,,19,0.5,F,
6983,6871,Janet Porter,,"Mon., Tues., Wed.",Finance,Budget Analyst,"San Francisco, CA 94109",USA,San Francisco,"San Francisco:http://maps.google.com/maps?f=q&hl=en&q=san+francisco,+ca&ll=37.806393,-122.418294&spn=0.014139,0.042915&t=k",(415) 371-1919,No,18,,S,3/26/1983,CA,2,3,Medium,jporter@orgchart.com,x00351,C,94109,A,"121 Kearny Street, Ste 121","American, French",White,9/11/2004,,,"$48,000",F,26,High,(568) 569-9026,,Filled,0,Janet,0,620,$,Porter,No,,0,Face030.jpg,No,0,,,,1,,F,3,,21,0.5,F,
7141,6871,Manish Merchant,,,Finance,Budget Analyst,"San Francisco, CA 94109",USA,San Francisco,"San Francisco:http://maps.google.com/maps?f=q&hl=en&q=san+francisco,+ca&ll=37.806393,-122.418294&spn=0.014139,0.042915&t=k",(415) 371-1919,No,18,,S,9/22/1961,CA,3,3,High,mmerchant@orgchart.com,x18477,FT,94109,A,"121 Kearny Street, Ste 121",British,Asian,9/4/2001,,,"$39,000",F,47,Immediate,(510) 354-9028,,Filled,0,Manish,0,181,"$37,000",Merchant,No,,0,Face029.jpg,No,0,,,,2,,U,2,,24,1,D,
7144,6871,Carla Hefner,,"Mon., Tues., Wed.",Finance,Analyst,"San Francisco, CA 94109",USA,San Francisco,"San Francisco:http://maps.google.com/maps?f=q&hl=en&q=san+francisco,+ca&ll=37.806393,-122.418294&spn=0.014139,0.042915&t=k",(415) 371-1919,No,18,,S,1/5/1966,CA,3,2,High,chefner@orgchart.com,x21788,PT,94109,A,"121 Kearny Street, Ste 121",American,Black or African American,4/14/1998,,,"$38,000",F,24,Low,(254) 325-8996,,Filled,0,Carla,0,274,"$36,000",Hefner,No,,0,Face027.jpg,No,0,,,,2,1,F,4,,27,0.5,A,
8135,4,Simone Dufour,,"Mon., Tues.",Finance,"Manager, Accounting Services","Taipei 104-03, Taiwan",APAC,Taiwan,"Taipei:http://maps.google.com/maps?f=q&source=s_q&hl=en&geocode=&q=Taipei+City,+Taiwan&sll=37.462324,-122.13089&sspn=0.319386,0.594635&ie=UTF8&hq=&hnear=Taipei+City,+Taiwan&z=12",(415) 371-1919,No,20,,V,9/26/1970,CA,2,2,N/A,sdufour@orgchart.com,x30122,FT,94109,LOA,"121 Kearny Street, Ste 121",American,Hispanic or Latino,1/2/1998,,,"$63,000",F,38,Possible,(254) 325-8980,,Filled,0,Simone,0,46,"$250,000",Dufour,Flyer,,0,Face031.jpg,N/A,7,,,,1,,F,5,1,27,,C,
8136,4,Amanda Wagner,,"Tues., Thrs.",Finance,"Sr. Manager, US Payroll","San Francisco, CA 94109",USA,San Francisco,"San Francisco:http://maps.google.com/maps?f=q&hl=en&q=san+francisco,+ca&ll=37.806393,-122.418294&spn=0.014139,0.042915&t=k",(415) 371-1919,Yes,20,,U,9/13/1961,CA,1,2,Medium Low,awagner@orgchart.com,x03229,C,94109,A,"121 Kearny Street, Ste 121",British,Native Hawaiian or Other Pacific Islander,6/1/2004,,,"$65,000",F,47,Possible,(313) 568-4624,,Filled,0,Amanda,0,533,"$115,000",Wagner,No,,0,Face017.jpg,No,5,,,4425,1,1,,4,1,21,,D,
8144,8135,Cecil Chartrand,,"Mon., Tues., Wed.",Finance,Analyst,"San Francisco, CA 94109",USA,San Francisco,"San Francisco:http://maps.google.com/maps?f=q&hl=en&q=san+francisco,+ca&ll=37.806393,-122.418294&spn=0.014139,0.042915&t=k",(415) 371-1919,No,18,,V,12/27/1946,CA,1,3,Medium Low,cchartrand@orgchart.com,x16906,FT,94109,A,"121 Kearny Street, Ste 121",American,White,4/18/2003,,,"$39,000",F,24,Low,(408) 897-5677,,Filled,0,Cecil,0,160,"$41,000",Chartrand,Flyer,,0,portrait_2017_004.jpg,Yes,0,,2662,,2,,F,3,,22,1,C,
8301,8135,Bin Xing,,"Tues., Thrs.",Finance,Budget Analyst,"San Francisco, CA 94109",USA,San Francisco,"London Office:http://maps.google.com/maps?f=q&hl=en&q=london,+uk&ll=51.500197,-0.126197&spn=5.704974,21.972656",(415) 371-1919,No,18,,L,7/25/1961,CA,1,3,Medium Low,bxing@orgchart.com,x12246,PT,94109,A,"121 Kearny Street, Ste 121",French,White,5/19/1998,Yes,,"$37,000",F,47,Low,(254) 325-8982,,Filled,0,Bin,0,200,"$40,000",Xing,Climber,,0,portrait_2017_002.jpg,No,0,,,,2,,F,2,,27,0.5,C,
8302,8135,Fa Xian,1,,Finance,Budget Analyst,"San Francisco, CA 94109",EMEA,London,"London Office:http://maps.google.com/maps?f=q&hl=en&q=london,+uk&ll=51.500197,-0.126197&spn=5.704974,21.972656",(415) 371-1919,No,18,,U,2/11/1948,CA,2,3,Low,fxian@orgchart.com,x11055,C,94109,A,"121 Kearny Street, Ste 121",French,Native Hawaiian or Other Pacific Islander,4/10/2007,,,"$395,000",F,61,Possible,(568) 569-9014,,Filled,0,Fa,0,596,$,Xian,Flyer,,0,portrait_2017_008.jpg,No,0,,,,1,,U,1,,18,0.5,D,
8498,8136,Jenny Sambhus,1,,Finance,Analyst,"Taipei 104-03, Taiwan",APAC,Taiwan,"Taipei:http://maps.google.com/maps?f=q&source=s_q&hl=en&geocode=&q=Taipei+City,+Taiwan&sll=37.462324,-122.13089&sspn=0.319386,0.594635&ie=UTF8&hq=&hnear=Taipei+City,+Taiwan&z=12",(415) 371-1919,No,18,,U,2/20/1970,CA,1,1,High,jsambhus@orgchart.com,x16696,FT,94109,A,"121 Kearny Street, Ste 121",American,White,6/23/1992,,,"$35,000",F,39,Low,(568) 569-9016,,Filled,0,Jenny,0,471,"$40,000",Sambhus,Climber,,0,portrait_2017_009.jpg,No,0,Y,,,2,1,U,2,,33,1,F,
8500,8136,Janice Richardson,1,,Finance,Analyst,London,EMEA,London,"London Office:http://maps.google.com/maps?f=q&hl=en&q=london,+uk&ll=51.500197,-0.126197&spn=5.704974,21.972656",(415) 371-1919,Yes,18,,U,5/2/1941,CA,1,3,N/A,jrichardson@orgchart.com,x31681,FT,94109,LOA,"121 Kearny Street, Ste 121",American,White,7/14/2006,,,"$38,000",F,68,Possible,(408) 897-5681,,Filled,0,Janice,0,245,"$45,550",Richardson,Climber,,0,portrait_2017_016.jpg,N/A,0,,,,2,1,F,3,,19,1,E,
9,1,Lisa Weil,,,Technology,"SVP, International",London,EMEA,London,"London Office:http://maps.google.com/maps?f=q&hl=en&q=london,+uk&ll=51.500197,-0.126197&spn=5.704974,21.972656",(415) 371-1919,No,23,,C,12/3/1961,SW1,1,3,Medium High,lweil@orgchart.com,x22349,FT,94109,A,5 Warwick Way,French,Two or More Races,10/31/1996,,,"$125,000",F,47,Immediate,(510) 354-9128,,Filled,0,Lisa,0,3,"$3,000,250",Weil,Climber,,0,Face018.jpg,Yes,30,,,,1,,,3,,29,,B,
1,,Martin Sullivan,,,Executive,Chairman & CEO,"San Francisco, CA 94109",USA,San Francisco,"San Francisco:http://maps.google.com/maps?f=q&hl=en&q=san+francisco,+ca&ll=37.806393,-122.418294&spn=0.014139,0.042915&t=k",(415) 371-1919,Yes,24,,Z,12/23/1940,CA,3,2,Medium Low,msullivan@orgchart.com,x31261,FT,94109,A,"121 Kearny Street, Ste 121",American,White,1/18/2004,,,"$175,000",M,68,High,(408) 897-5642,,Filled,0,Martin,0,1,"$7,750,000",Sullivan,Flyer,,0,portrait_2017_035.jpg,Yes,170,,,,1,,U,2,1,21,,B,
10681,5,Patrick Monroe,,,Marketing,"Director, Marketing","San Francisco, CA 94109",USA,San Francisco,"San Francisco:http://maps.google.com/maps?f=q&hl=en&q=san+francisco,+ca&ll=37.806393,-122.418294&spn=0.014139,0.042915&t=k",(415) 371-1919,No,21,,Q,12/15/1971,CA,3,3,Low,pmonroe@orgchart.com,x07156,FT,94109,A,"121 Kearny Street, Ste 121","American, Indian",American Indian or Alaska Native Count,5/15/1997,,,"$85,000",M,37,Low,(408) 897-5703,,Filled,0,Patrick ,0,27,"$2,564,500",Monroe,Climber,,0,Face015.jpg,Yes,14,,,,2,,F,1,2,28,,C,
10682,5,Tom Chang,1,,Marketing,"Director, Public Relations",London,EMEA,London,"London Office:http://maps.google.com/maps?f=q&hl=en&q=london,+uk&ll=51.500197,-0.126197&spn=5.704974,21.972656",(415) 371-1919,No,21,,O,9/21/1971,CA,3,3,N/A,tchang@orgchart.com,x26724,FT,94109,LOA,"121 Kearny Street, Ste 121",American,Black or African American,6/18/1996,,,"$87,000",M,37,Low,(254) 325-9018,,Filled,0,Tom,0,26,"$914,000",Chang,Flyer,,0,Face028.jpg,N/A,15,,,,1,,F,3,2,29,,E,
14494,5,Jeet Merchant,1,,Marketing,"Manager, Marketing","San Francisco, CA 94109",USA,San Francisco,"San Francisco:http://maps.google.com/maps?f=q&hl=en&q=san+francisco,+ca&ll=37.806393,-122.418294&spn=0.014139,0.042915&t=k",(415) 371-1919,No,20,,Q,10/12/1983,CA,3,2,Medium,jmerchant@orgchart.com,x21065,FT,94109,A,"121 Kearny Street, Ste 121","American, Indian",American Indian or Alaska Native Count,4/24/1997,,,"$74,000",M,25,Possible,(313) 568-4648,,Filled,0,Jeet,0,30,"$178,000",Merchant,Climber,,0,Face033.jpg,No,5,,,,1,,F,4,2,28,,D,
14784,17770,Pat Mendelson,,"Tues., Thrs.",Marketing,Graphic Designer,London,EMEA,London,"London Office:http://maps.google.com/maps?f=q&hl=en&q=london,+uk&ll=51.500197,-0.126197&spn=5.704974,21.972656",(415) 371-1919,No,18,,Q,11/14/1961,CA,1,2,Medium Low,pmendelson@orgchart.com,x29276,PT,94109,A,"121 Kearny Street, Ste 121",French,Black or African American,7/7/1993,,,"$35,000",M,47,Low,(568) 569-9039,,Filled,0,Pat,0,516,"$42,000",Mendelson,No,,0,Face010.jpg,Yes,0,,,,1,,F,2,,32,0.5,C,
14785,17768,Kaushik Mangrulkar,,,Marketing,Social Media Consultant,London,EMEA,London,"London Office:http://maps.google.com/maps?f=q&hl=en&q=london,+uk&ll=51.500197,-0.126197&spn=5.704974,21.972656",(415) 371-1919,Yes,18,,Q,11/6/1948,CA,1,3,Medium,kmangrulkar@orgchart.com,x04187,C,94109,A,"121 Kearny Street, Ste 121",French,American Indian or Alaska Native Count,5/4/2002,,,"$63,000",M,60,Low,(510) 354-9040,,Filled,0,Kaushik,0,637,$,Mangrulkar,No,,0,Face016.jpg,No,0,Y,,,1,,,5,,23,0.5,D,
15365,14495,Chris Cruise,,"Mon., Tues., Wed.",Marketing,Analyst,"San Francisco, CA 94109",EMEA,London,"London Office:http://maps.google.com/maps?f=q&hl=en&q=london,+uk&ll=51.500197,-0.126197&spn=5.704974,21.972656",(415) 371-1919,No,18,,P,7/14/1985,CA,3,3,Medium,ccruise@orgchart.com,x09252,FT,94109,A,"121 Kearny Street, Ste 121",African,Black or African American,3/13/1997,,,"$39,000",M,23,Low,(313) 568-4658,,Filled,0,Chris,0,161,"$37,000",Cruise,No,,0,435668.jpg,No,0,,,,1,,F,2,,28,1,A,Y
15366,14495,Eliott Conklin,1,,Marketing,Associate,"San Francisco, CA 94109",USA,San Francisco,"San Francisco:http://maps.google.com/maps?f=q&hl=en&q=san+francisco,+ca&ll=37.806393,-122.418294&spn=0.014139,0.042915&t=k",(415) 371-1919,No,18,,P,4/19/1966,CA,3,2,High,econklin@orgchart.com,x25686,FT,94109,A,"121 Kearny Street, Ste 121",American,White,4/7/1993,,,"$37,000",M,43,Possible,(254) 325-9017,,Filled,0,Eliott,0,309,"$39,000",Conklin,Climber,,0,portrait_2017_058.jpg,No,0,,,,1,,F,1,,32,1,D,
17768,10682,Eugene Sergeyev,,"Mon., Tues.",Marketing,"Manager, Marketing","San Francisco, CA 94109",USA,San Francisco,"San Francisco:http://maps.google.com/maps?f=q&hl=en&q=san+francisco,+ca&ll=37.806393,-122.418294&spn=0.014139,0.042915&t=k",(415) 371-1919,Yes,20,,O,12/7/1941,CA,2,2,N/A,esergeyev@orgchart.com,x22175,FT,94109,LOA,"121 Kearny Street, Ste 121",American,Two or More Races,5/28/1998,,,"$69,000",M,67,Low,(568) 569-9050,,Filled,0,Eugene,0,39,"$173,500",Sergeyev,Climber,,0,Face006.jpg,N/A,5,,,,2,,U,4,2,27,,D,
17769,10682,Isaac Dunn,,"Mon., Tues.",Marketing,"Manager, Marketing Comm","San Francisco, CA 94109",USA,San Francisco,"San Francisco:http://maps.google.com/maps?f=q&hl=en&q=san+francisco,+ca&ll=37.806393,-122.418294&spn=0.014139,0.042915&t=k",(415) 371-1919,No,21,,O,4/3/1946,CA,2,3,Low,idunn@orgchart.com,x17557,FT,94109,A,"121 Kearny Street, Ste 121",American,White,6/17/1992,,,"$71,000",M,63,Immediate,(408) 897-5719,,Filled,0,Isaac,0,38,"$275,000",Dunn,Climber,,0,Face007.jpg,No,5,,,,2,,U,5,5,33,,F,
17893,17768,Stewart Merchant,,"Tues., Thrs.",Marketing,Analyst,"San Francisco, CA 94109",USA,San Francisco,"San Francisco:http://maps.google.com/maps?f=q&hl=en&q=san+francisco,+ca&ll=37.806393,-122.418294&spn=0.014139,0.042915&t=k",(415) 371-1919,No,18,,O,1/5/1961,CA,2,3,Medium Low,smerchant@orgchart.com,x05088,FT,94109,A,"121 Kearny Street, Ste 121",French,White,10/20/1996,,,"$39,000",M,48,Low,(313) 568-4661,,Filled,0,Stewart,0,194,"$42,000",Merchant,Flyer,,0,portrait_2017_006.jpg,No,0,,,,1,,F,4,,29,1,C,
18385,17769,Josh Newton,1,,Marketing,Brand Strategist,"San Francisco, CA 94109",USA,San Francisco,"San Francisco:http://maps.google.com/maps?f=q&hl=en&q=san+francisco,+ca&ll=37.806393,-122.418294&spn=0.014139,0.042915&t=k",(415) 371-1919,No,18,,N,5/21/1967,CA,1,2,High,jnewton@orgchart.com,x29976,PT,94109,A,"121 Kearny Street, Ste 121",American,Asian,5/25/2004,,,"$37,000",M,41,Possible,(408) 897-5722,,Filled,0,Josh,0,346,"$42,000",Newton,No,,0,Portrait_2017_049.jpg,Yes,0,,,,1,,U,5,,21,0.5,F,
18472,14494,Rui Meng,1,,Marketing,Marketing Research Analyst,"San Francisco, CA 94109",USA,San Francisco,"San Francisco:http://maps.google.com/maps?f=q&hl=en&q=san+francisco,+ca&ll=37.806393,-122.418294&spn=0.014139,0.042915&t=k",(415) 371-1919,Yes,19,,N,7/25/1941,CA,3,1,High,rmeng@orgchart.com,x05448,FT,94109,A,"121 Kearny Street, Ste 121",American,White,4/30/1997,,,"$49,000",M,67,Low,(408) 897-5723,,Filled,0,Rui,0,92,"$44,000",Meng,Climber,,0,portrait_2017_015.jpg,Yes,0,,,,1,,F,1,,28,1,B,
18476,18472,Ned McDougal,1,,Marketing,Analyst,"San Francisco, CA 94109",USA,San Francisco,"San Francisco:http://maps.google.com/maps?f=q&hl=en&q=san+francisco,+ca&ll=37.806393,-122.418294&spn=0.014139,0.042915&t=k",(415) 371-1919,Yes,18,,N,5/5/1941,CA,2,3,Medium,nmcdougal@orgchart.com,x19048,FT,94109,A,"121 Kearny Street, Ste 121",American,White,6/11/1992,,,"$39,000",M,68,High,(254) 325-9027,,Filled,0,Ned,0,184,"$43,000",McDougal,No,,0,portrait_2017_025.jpg,Yes,0,,,9,2,,F,5,,33,1,E,
18478,18472,Denis Lepekhine,1,,Marketing,Analyst,"San Francisco, CA 94109",USA,San Francisco,"San Francisco:http://maps.google.com/maps?f=q&hl=en&q=san+francisco,+ca&ll=37.806393,-122.418294&spn=0.014139,0.042915&t=k",(415) 371-1919,Yes,18,,N,3/21/1941,CA,2,3,Low,dlepekhine@orgchart.com,x23928,PT,94109,A,"121 Kearny Street, Ste 121","American, Korean",Asian,4/22/1997,,,"$36,000",M,68,High,(510) 354-9060,,Filled,0,Denis,0,412,"$31,000",Lepekhine,Flyer,,0,Portrait_2017_051.jpg,Yes,0,,,,2,1,F,5,,28,0.5,B,
18565,18473,Jody Kerler,1,,Marketing,Associate,"San Francisco, CA 94109",USA,San Francisco,"San Francisco:http://maps.google.com/maps?f=q&hl=en&q=san+francisco,+ca&ll=37.806393,-122.418294&spn=0.014139,0.042915&t=k",(415) 371-1919,Yes,18,,N,10/7/1964,CA,1,3,Low,jkerler@orgchart.com,x26322,C,94109,A,"121 Kearny Street, Ste 121",French,White,1/20/2008,,,"$63,000",M,44,Immediate,(254) 325-9028,,Filled,0,Jody,0,629,$,Kerler,Climber,,0,Portrait_2017_060.jpg,No,0,Y,,,1,,F,3,,17,0.5,B,
18566,18473,Pat Kerler,,"Tues., Thrs.",Marketing,Analyst,"San Francisco, CA 94109",USA,San Francisco,"San Francisco:http://maps.google.com/maps?f=q&hl=en&q=san+francisco,+ca&ll=37.806393,-122.418294&spn=0.014139,0.042915&t=k",(415) 371-1919,No,18,,N,11/13/1961,CA,3,3,Low,pkerler@orgchart.com,x12761,FT,94109,A,"121 Kearny Street, Ste 121",French,Asian,3/17/1993,,,"$39,000",M,47,Possible,(568) 569-9060,,Filled,0,Pat,0,188,"$37,000",Kerler,No,,0,Portrait_2017_063.jpg,No,0,,,,2,1,U,2,,32,1,A,
23177,23170,Gautam Chaudhary,,"Tues., Wed.",Operations,Analyst,London,EMEA,London,"London Office:http://maps.google.com/maps?f=q&hl=en&q=london,+uk&ll=51.500197,-0.126197&spn=5.704974,21.972656",(415) 371-1919,No,18,,N,9/22/1970,CA,1,2,Low,gchaudhary@orgchart.com,x12358,FT,94109,A,"121 Kearny Street, Ste 121",American,White,11/7/1995,,,"$35,000",M,38,Immediate,(510) 354-9063,,Filled,0,Gautam,0,461,"$39,000",Chaudhary,Flyer,,0,Portrait_2017_094.jpg,No,0,,,,1,1,F,4,,30,1,C,
23178,23170,Rashmi Chaudhary,,"Tues., Wed.",Operations,Analyst,London,EMEA,London,"London Office:http://maps.google.com/maps?f=q&hl=en&q=london,+uk&ll=51.500197,-0.126197&spn=5.704974,21.972656",(415) 371-1919,No,18,,N,8/4/1971,CA,3,3,High,rchaudhary@orgchart.com,x06073,PT,94109,A,"121 Kearny Street, Ste 121",American,White,5/18/2003,,,"$37,000",M,37,High,(408) 897-5727,,Filled,0,Rashmi,0,353,"$39,000",Chaudhary,No,,0,Portrait_2017_095.jpg,Yes,0,,,,2,,F,3,,22,0.5,F,
23903,23892,Diana Feeney,,,Operations,Analyst,"New York, NY",USA,New York,"New York Office:http://maps.google.com/maps?f=q&hl=en&q=new+York,+USA&ll=40.730348,-73.956184&spn=0.108489,0.343323&t=k",(415) 371-1919,Yes,18,,L,6/28/1974,NY,2,3,Medium Low,dfeeney@orgchart.com,x19185,C,10022,A,725 5th Ave,"American, Indian",American Indian or Alaska Native Count,6/5/2005,,,"$41,500",M,34,Immediate,(568) 569-9072,,Filled,0,Diana,0,586,$,Feeney,Climber,,0,Portrait_2018_004.jpg,No,0,Y,,,2,1,F,4,,20,0.5,E,
24487,6,Vacant,,"Mon., Tues., Wed.",Operations,"Manager, Purchasing","San Francisco, CA 94109",USA,San Francisco,"San Francisco:http://maps.google.com/maps?f=q&hl=en&q=san+francisco,+ca&ll=37.806393,-122.418294&spn=0.014139,0.042915&t=k",(415) 371-1919,No,20,,J,12/19/1966,CA,3,2,Medium Low,jforest@orgchart.com,x12845,PT,94109,A,"121 Kearny Street, Ste 121",American,White,1/7/2008,,,"$67,000",M,42,Possible,(408) 897-5747,,Filled,0,Jan,0,40,"$63,000",Forest,Climber,,0,Face009.jpg,Yes,0,,,,2,,v,4,3,17,,D,
24725,24494,Pierre Leger,,"Tues., Thrs.",Operations,Analyst,"San Francisco, CA 94109",USA,San Francisco,"San Francisco:http://maps.google.com/maps?f=q&hl=en&q=san+francisco,+ca&ll=37.806393,-122.418294&spn=0.014139,0.042915&t=k",(415) 371-1919,No,18,,J,2/20/1948,CA,1,2,Medium Low,pleger@orgchart.com,x30004,C,94109,A,"121 Kearny Street, Ste 121",French,White,1/16/2007,,,"$44,500",M,61,Low,(510) 354-9082,,Filled,0,Pierre,0,669,$,Leger,Flyer,,0,portrait_2017_080.jpg,No,0,,,,1,,F,1,,18,0.5,B,
24937,24494,Francis Gorman,,,Operations,Analyst,"Taipei 104-03, Taiwan",APAC,Taiwan,"Taipei:http://maps.google.com/maps?f=q&source=s_q&hl=en&geocode=&q=Taipei+City,+Taiwan&sll=37.462324,-122.13089&sspn=0.319386,0.594635&ie=UTF8&hq=&hnear=Taipei+City,+Taiwan&z=12",(415) 371-1919,No,18,,J,7/21/1985,CA,1,2,Low,fgorman@orgchart.com,x21751,FT,94109,A,"121 Kearny Street, Ste 121",British,White,,,,"$39,000",M,23,Low,(568) 569-9082,,Filled,0,Francis,0,167,"$36,000",Gorman,Flyer,,0,portrait_2017_082.jpg,No,0,,,,1,1,F,5,,125,1,B,
24938,24494,Eliott Garland,,"Mon., Tues., Wed.",Operations,Analyst,"Taipei 104-03, Taiwan",APAC,Taiwan,"Taipei:http://maps.google.com/maps?f=q&source=s_q&hl=en&geocode=&q=Taipei+City,+Taiwan&sll=37.462324,-122.13089&sspn=0.319386,0.594635&ie=UTF8&hq=&hnear=Taipei+City,+Taiwan&z=12",(415) 371-1919,Yes,18,,J,4/20/1955,CA,2,3,Medium,egarland@orgchart.com,x13925,C,94109,A,"121 Kearny Street, Ste 121",African,Black or African American,9/3/2006,,,"$89,000",M,54,High,(510) 354-9083,,Filled,0,Eliott,0,592,$,Garland,Flyer,,0,portrait_2017_078.jpg,Yes,0,,,,2,1,U,1,,19,0.5,B,N
24979,24486,Raj Chheda,,"Tues., Wed.",Operations,Continuous Improvement Lead,London,EMEA,London,"London Office:http://maps.google.com/maps?f=q&hl=en&q=london,+uk&ll=51.500197,-0.126197&spn=5.704974,21.972656",(415) 371-1919,No,19,,J,5/26/1970,CA,1,3,High,rchheda@orgchart.com,x18988,FT,94109,A,"121 Kearny Street, Ste 121",American,Hispanic or Latino,4/11/1999,,,"$48,000",M,38,Low,(510) 354-9084,,Filled,0,Raj,0,97,"$56,000",Chheda,Flyer,,0,Face036.jpg,Yes,0,,,,2,,F,5,,26,1,B,
24982,24486,Valery Sudzilouski,1,,Operations,Senior Analyst,London,EMEA,London,"London Office:http://maps.google.com/maps?f=q&hl=en&q=london,+uk&ll=51.500197,-0.126197&spn=5.704974,21.972656",(415) 371-1919,Yes,19,,I,10/23/1948,CA,2,3,High,vsudzilouski@orgchart.com,x02975,C,94109,A,"121 Kearny Street, Ste 121",French,Hispanic or Latino,5/7/2002,,,"$62,000",M,60,Possible,(408) 897-5750,,Filled,0,Valery,0,689,$,Sudzilouski,No,,0,Portrait_2017_029.jpg,Yes,0,,,,2,,,4,,23,0.5,C,
24984,24979,Jacob Doucet,1,,Operations,Analyst,London,EMEA,London,"London Office:http://maps.google.com/maps?f=q&hl=en&q=london,+uk&ll=51.500197,-0.126197&spn=5.704974,21.972656",(415) 371-1919,No,18,,J,7/10/1968,CA,1,2,Medium Low,jdoucet@orgchart.com,x03685,PT,94109,A,"121 Kearny Street, Ste 121",American,White,11/4/2000,,,"$36,000",M,40,High,(254) 325-9051,,Filled,0,Jacob,0,416,"$38,500",Doucet,No,,0,Portrait_2018_022.jpg,No,0,,,,1,1,F,5,,25,0.5,D,
25024,24979,Anatoly Bessonov,1,,Operations,Analyst,London,EMEA,London,"London Office:http://maps.google.com/maps?f=q&hl=en&q=london,+uk&ll=51.500197,-0.126197&spn=5.704974,21.972656",(415) 371-1919,Yes,18,,J,10/16/1941,CA,2,2,Low,abessonov@orgchart.com,x10923,PT,94109,A,"121 Kearny Street, Ste 121",American,White,2/3/1997,,,"$35,000",M,67,High,(313) 568-4693,,Filled,0,Anatoly,0,493,"$38,500",Bessonov,No,,0,Portrait_2018_024.jpg,No,0,,,,1,1,F,1,,28,0.5,A,
25190,24982,Smita Shroff,1,,Operations,Analyst,London,EMEA,London,"London Office:http://maps.google.com/maps?f=q&hl=en&q=london,+uk&ll=51.500197,-0.126197&spn=5.704974,21.972656",(415) 371-1919,Yes,18,,I,11/1/1941,CA,1,2,Medium High,sshroff@orgchart.com,x16678,FT,94109,A,"121 Kearny Street, Ste 121",British,Native Hawaiian or Other Pacific Islander,10/6/2004,,,"$38,000",M,67,High,(254) 325-9054,,Filled,0,Smita,0,265,"$37,000",Shroff,No,,0,portrait_2017_104.jpg,Yes,0,,,,1,,F,3,,21,1,C,
28353,23167,Larry Knight,1,,Operations,Senior Analyst,"San Francisco, CA 94109",USA,San Francisco,"San Francisco:http://maps.google.com/maps?f=q&hl=en&q=san+francisco,+ca&ll=37.806393,-122.418294&spn=0.014139,0.042915&t=k",(415) 371-1919,Yes,19,,I,11/2/1941,CA,2,2,Medium Low,lknight@orgchart.com,x27371,PT,94109,A,"121 Kearny Street, Ste 121",American,Two or More Races,1/10/2008,,,"$50,000",M,67,Low,(408) 897-5753,,Filled,0,Larry,0,88,"$53,000",Knight,Flyer,,0,portrait_2017_036.jpg,No,0,,24486,,1,,,2,,17,0.5,E,
28357,28353,Fred Katz,,"Mon., Tues., Wed.",Operations,Analyst,"San Francisco, CA 94109",USA,San Francisco,"San Francisco:http://maps.google.com/maps?f=q&hl=en&q=san+francisco,+ca&ll=37.806393,-122.418294&spn=0.014139,0.042915&t=k",(415) 371-1919,No,18,,I,10/27/1983,CA,1,2,High,fkatz@orgchart.com,x03326,FT,94109,A,"121 Kearny Street, Ste 121","American, French",Native Hawaiian or Other Pacific Islander,10/14/1996,,,"$36,000",M,25,Possible,(568) 569-9089,,Filled,0,Fred,0,375,"$33,000",Katz,Flyer,,0,Portrait_2018_003.jpg,No,0,,,,2,1,F,5,,29,1,D,
28358,28353,Adrian Isaacson,,"Tues., Thrs.",Operations,Analyst,"San Francisco, CA 94109",USA,San Francisco,"San Francisco:http://maps.google.com/maps?f=q&hl=en&q=san+francisco,+ca&ll=37.806393,-122.418294&spn=0.014139,0.042915&t=k",(415) 371-1919,No,18,,I,12/23/1964,CA,2,3,High,aisaacson@orgchart.com,x03891,FT,94109,A,"121 Kearny Street, Ste 121",French,White,9/22/1992,,,"$37,000",M,44,High,(510) 354-9090,,Filled,0,Adrian,0,294,"$41,500",Isaacson,No,,0,Portrait_2018_008.jpg,No,0,,,,1,1,F,3,,33,1,F,
28546,17769,Bhushan Sehgal,1,,Marketing,Senior Analyst,"San Francisco, CA 94109",USA,San Francisco,"San Francisco:http://maps.google.com/maps?f=q&hl=en&q=san+francisco,+ca&ll=37.806393,-122.418294&spn=0.014139,0.042915&t=k",(415) 371-1919,Yes,19,,H,1/13/1941,CA,1,3,Low,bsehgal@orgchart.com,x11312,FT,94109,A,"121 Kearny Street, Ste 121",British,Two or More Races,8/17/2005,,,"$42,000",M,68,Immediate,(408) 897-5721,,Filled,0,Bhushan,0,129,"$46,000",Sehgal,Flyer,,0,Portrait_2017_021.jpg,No,0,,,,2,,,1,,20,1,D,
33925,30858,Rogine Moreau,,,Professional Services,"Manager, Consulting","San Francisco, CA 94109",USA,San Francisco,"San Francisco:http://maps.google.com/maps?f=q&hl=en&q=san+francisco,+ca&ll=37.806393,-122.418294&spn=0.014139,0.042915&t=k",(415) 371-1919,No,20,,F,4/19/1961,CA,3,2,Low,rmoreau@orgchart.com,x31643,FT,94109,A,"121 Kearny Street, Ste 121",British,Black or African American,1/17/2008,,,"$63,000",M,48,Low,(568) 569-9107,,Filled,0,Rogine,0,45,"$150,000",Moreau,Climber,,0,Face021.jpg,No,0,,,,2,,U,5,1,17,,A,
3538,17768,Rashmi Shah,,"Mon., Tues., Wed.",Marketing,Senior Analyst,"San Francisco, CA 94109",USA,San Francisco,"San Francisco:http://maps.google.com/maps?f=q&hl=en&q=san+francisco,+ca&ll=37.806393,-122.418294&spn=0.014139,0.042915&t=k",(415) 371-1919,Yes,19,,P,10/8/1941,CA,2,2,Low,rshah@orgchart.com,x13146,C,94109,A,"121 Kearny Street, Ste 121",American,Hispanic or Latino,7/3/2006,,,"$32,000",M,67,Low,(313) 568-4653,,Filled,0,Rashmi,0,60,$,Shah,Flyer,,0,Face025.jpg,No,0,,,,2,,,4,,19,0.5,A,
4,1,Chris  Dunn,,"Tues., Thrs.",Finance,CFO,"San Francisco, CA 94109",USA,San Francisco,"San Francisco:http://maps.google.com/maps?f=q&hl=en&q=san+francisco,+ca&ll=37.806393,-122.418294&spn=0.014139,0.042915&t=k",(415) 371-1919,Yes,23,,V,7/10/1942,CA,3,3,Low,cdunn@orgchart.com,x14490,FT,94109,A,"121 Kearny Street, Ste 121",French,White,8/10/1998,,,"$136,000",M,66,High,(408) 897-5676,,Filled,0,Chris,0,2,"$1,500,000",Dunn,Climber,,0,portrait_2017_065.jpg,Yes,30,,,,2,,U,4,1,27,,F,
40587,9,Craig Badger,,"Tues., Wed.",Technology,"Director, Engineering",London,EMEA,London,"London Office:http://maps.google.com/maps?f=q&hl=en&q=london,+uk&ll=51.500197,-0.126197&spn=5.704974,21.972656",(415) 371-1919,No,21,,C,8/11/1968,SW1,3,2,Medium Low,cbadger@orgchart.com,x26128,FT,94109,A,5 Warwick Way,American,Hispanic or Latino,4/18/2004,,,"$89,000",M,40,High,(408) 897-5792,,Filled,0,Craig,0,23,"$425,136",Badger,Flyer,,0,Face020.jpg,No,10,,,,2,,U,4,2,21,,C,
40588,9,Kris Kendall,1,,Technology,"Director, Information Systems",London,EMEA,London,"London Office:http://maps.google.com/maps?f=q&hl=en&q=london,+uk&ll=51.500197,-0.126197&spn=5.704974,21.972657",(415) 371-1919,No,21,,B,9/26/1968,SW1,2,1,High,kkendall@orgchart.com,x11823,FT,94109,A,5 Warwick Way,"American, Indian",American Indian or Alaska Native Count,9/22/1992,,,"$101,000",M,40,Immediate,(254) 325-9099,,Filled,0,Kris,0,17,"$812,000",Kendall,No,,0,Face014.jpg,Yes,22,,,,1,1,U,2,1,33,,B,
40727,40587,Floyd McDougal,,"Mon., Tues., Wed.",Technology,Senior Analyst,"San Francisco, CA 94109",EMEA,London,"London Office:http://maps.google.com/maps?f=q&hl=en&q=london,+uk&ll=51.500197,-0.126197&spn=5.704974,21.972656",(415) 371-1919,No,19,,B,4/15/1971,CA,3,3,Medium,fmcdougal@orgchart.com,x00893,FT,94109,A,"121 Kearny Street, Ste 121",American,Hispanic or Latino,8/16/2005,,,"$41,000",M,38,Possible,(313) 568-4739,,Filled,0,Floyd,0,142,"$413,500",McDougal,Flyer,,0,portrait_2017_007.jpg,No,0,,,,2,,,5,,20,1,C,
40729,40590,Darian Mayer,,"Mon., Tues., Wed.",Technology,Analyst,"San Francisco, CA 94109",EMEA,London,"London Office:http://maps.google.com/maps?f=q&hl=en&q=london,+uk&ll=51.500197,-0.126197&spn=5.704974,21.972656",(415) 371-1919,Yes,18,,B,3/25/1941,CA,3,3,Medium Low,dmayer@orgchart.com,x08594,FT,94109,A,"121 Kearny Street, Ste 121",American,Asian,3/18/1993,,,"$37,000",M,68,Possible,(254) 325-9098,,Filled,0,Darian,0,305,"$39,000",Mayer,Flyer,,0,Portrait_2017_044.jpg,No,0,,,,2,1,U,2,,32,1,D,
40730,40727,Vladadilen Lurye,1,,Technology,Analyst,"San Francisco, CA 94109",USA,San Francisco,"San Francisco:http://maps.google.com/maps?f=q&hl=en&q=san+francisco,+ca&ll=37.806393,-122.418294&spn=0.014139,0.042915&t=k",(415) 371-1919,No,18,,B,2/4/1946,CA,1,2,Medium Low,vlurye@orgchart.com,x26753,C,94109,A,"121 Kearny Street, Ste 121",American,White,3/11/2007,,,"$41,500",M,63,Low,(568) 569-9130,,Filled,0,Vladadilen,0,691,$,Lurye,Climber,,0,portrait_2017_057.jpg,No,0,,,,1,,F,1,,18,0.5,B,
42618,9,Glen Jacobson,,,Technology,"Manager, Product","San Francisco, CA 94109",USA,San Francisco,"San Francisco:http://maps.google.com/maps?f=q&hl=en&q=san+francisco,+ca&ll=37.806393,-122.418294&spn=0.014139,0.042915&t=k",(415) 371-1919,No,20,,B,4/7/1983,CA,2,2,N/A,gjacobson@orgchart.com,x17590,FT,94109,LOA,"121 Kearny Street, Ste 121","American, French",Two or More Races,6/3/1998,,,"$60,000",M,26,Low,(568) 569-9131,,Filled,0,Glen,0,51,"$366,000",Jacobson,Flyer,,0,Face024.jpg,N/A,10,,,,2,,F,2,,27,,A,
42622,42618,William Finley,1,,Technology,Senior Analyst,"San Francisco, CA 94109",EMEA,London,"London Office:http://maps.google.com/maps?f=q&hl=en&q=london,+uk&ll=51.500197,-0.126197&spn=5.704974,21.972656",(415) 371-1919,No,19,,B,7/14/1986,CA,2,3,High,wfinley@orgchart.com,x25605,FT,94109,A,"121 Kearny Street, Ste 121",African,Black or African American,12/7/1992,,,"$45,000",M,22,High,(313) 568-4742,,Filled,0,William,0,119,"$49,000",Finley,No,,0,portrait_2017_017.jpg,Yes,0,,,,2,,,3,,33,1,E,
42623,42618,Earl Cox,1,,Technology,Senior Analyst,"San Francisco, CA 94109",USA,San Francisco,"San Francisco:http://maps.google.com/maps?f=q&hl=en&q=san+francisco,+ca&ll=37.806393,-122.418294&spn=0.014139,0.042915&t=k",(415) 371-1919,No,19,,B,10/8/1968,CA,1,2,Low,ecox@orgchart.com,x24560,FT,94109,A,"121 Kearny Street, Ste 121",American,Two or More Races,5/22/1992,,,"$54,000",M,40,Immediate,(510) 354-9134,,Filled,0,Earl,0,55,"$58,000",Cox,Flyer,,0,portrait_2018_030.jpg,No,0,,,,2,,,4,,33,1,B,
42625,42620,Yi Guo,,"Tues., Thrs.",Technology,Continuous Improvement Consultant,"San Francisco, CA 94109",EMEA,London,"San Francisco:http://maps.google.com/maps?f=q&hl=en&q=san+francisco,+ca&ll=37.806393,-122.418294&spn=0.014139,0.042915&t=k",(415) 371-1919,No,18,,B,9/17/1941,CA,3,3,Medium,yguo@orgchart.com,x28363,C,94109,A,"121 Kearny Street, Ste 121",Danish,White,7/18/2004,,,"$62,100",M,67,Low,(254) 325-9100,,Filled,0,Yi,0,696,$,Guo,Flyer,,0,silhouette.jpg,Yes,0,,,,1,,F,2,,21,0.5,B,
42626,42620,Jake Hefner,1,,Technology,Cloud Architect,"San Francisco, CA 94109",EMEA,London,"San Francisco:http://maps.google.com/maps?f=q&hl=en&q=san+francisco,+ca&ll=37.806393,-122.418294&spn=0.014139,0.042915&t=k",(415) 371-1919,No,18,,B,10/15/1961,CA,3,3,High,jhefner@orgchart.com,x01670,FT,94109,A,"121 Kearny Street, Ste 121",French,White,5/15/1998,,,"$39,000",M,47,Immediate,(408) 897-5796,,Filled,0,Jake,0,172,"$36,000",Hefner,Flyer,,0,portrait_2017_053.jpg,No,0,,,,1,,F,5,,27,1,A,
42729,42622,Manon Desautels,1,,Technology,Senior Analyst,"San Francisco, CA 94109",EMEA,London,"San Francisco:http://maps.google.com/maps?f=q&hl=en&q=san+francisco,+ca&ll=37.806393,-122.418294&spn=0.014139,0.042915&t=k",(415) 371-1919,No,18,,B,11/26/1966,CA,3,3,Medium High,mdesautels@orgchart.com,x30339,C,94109,A,"121 Kearny Street, Ste 121",American,White,10/18/2004,,,"$37,520",M,42,Immediate,(254) 325-9101,,Filled,0,Manon,0,653,$,Desautels,No,,0,portrait_2018_023.jpg,No,0,,,,2,,U,1,,21,0.5,C,
42809,42623,Bin Bei,,"Mon., Tues., Wed.",Technology,Network Administrator,"San Francisco, CA 94109",USA,San Francisco,"San Francisco:http://maps.google.com/maps?f=q&hl=en&q=san+francisco,+ca&ll=37.806393,-122.418294&spn=0.014139,0.042915&t=k",(415) 371-1919,No,18,,B,3/17/1970,CA,3,1,Medium,bbei@orgchart.com,x32122,PT,94109,A,"121 Kearny Street, Ste 121",American,Hispanic or Latino,8/20/2005,,,"$37,000",M,39,Low,(313) 568-4743,,Filled,0,Bin,0,334,"$38,500",Bei,Climber,,0,portrait_2017_070.jpg,Yes,0,,,,2,,F,1,,20,0.5,D,
42961,42619,Jason Mendelson,1,,Technology,Senior Analyst,London,EMEA,London,"London Office:http://maps.google.com/maps?f=q&hl=en&q=london,+uk&ll=51.500197,-0.126197&spn=5.704974,21.972656",(415) 371-1919,No,19,,A,8/7/1981,CA,2,3,Medium Low,jmendelson@orgchart.com,x03670,PT,94109,A,"121 Kearny Street, Ste 121",African,Black or African American,5/24/1998,,,"$54,000",M,27,Low,(254) 325-9105,,Filled,0,Jason,0,61,"$49,000",Mendelson,Flyer,,0,Portrait_2017_014.jpg,No,0,,,,1,,,5,,27,0.5,D,
43389,42619,Pat Cavelle,1,,Technology,Software Engineer,"San Francisco, CA 94109",USA,San Francisco,"San Francisco:http://maps.google.com/maps?f=q&hl=en&q=san+francisco,+ca&ll=37.806393,-122.418294&spn=0.014139,0.042915&t=k",(415) 371-1919,Yes,18,,A,9/9/1941,CA,2,3,Medium,pcavelle@orgchart.com,x19884,PT,94109,A,"121 Kearny Street, Ste 121",British,Two or More Races,5/25/2003,,,"$35,000",M,67,Possible,(408) 897-5805,,Filled,0,Pat,0,515,"$33,000",Cavelle,Flyer,,0,portrait_2018_026.jpg,Yes,0,,,,1,1,,1,,22,0.5,C,
43391,40590,Earl Bird,1,,Technology,Analyst,London,EMEA,London,"London Office:http://maps.google.com/maps?f=q&hl=en&q=london,+uk&ll=51.500197,-0.126197&spn=5.704974,21.972656",(415) 371-1919,No,18,,A,10/7/1985,CA,2,2,High,ebird@orgchart.com,x11205,C,94109,A,"121 Kearny Street, Ste 121",British,White,10/26/2006,,,"$45,000",M,23,Immediate,(254) 325-9109,,Filled,0,Earl,0,589,,Bird,No,,0,Portrait_2018_025.jpg,No,0,Y,,,1,1,F,4,,19,0.5,A,
43392,42619,Barton Beck,1,,Technology,Software Engineer,"San Francisco, CA 94109",USA,San Francisco,"San Francisco:http://maps.google.com/maps?f=q&hl=en&q=san+francisco,+ca&ll=37.806393,-122.418294&spn=0.014139,0.042915&t=k",(415) 371-1919,No,18,,A,1/17/1983,CA,3,2,,bbeck@orgchart.com,x26929,PT,94109,A,"121 Kearny Street, Ste 121",African,Black or African American,5/22/1998,,,"$48,000",M,26,Possible,(568) 569-9141,,Filled,0,Barton,0,494,"$41,000",Beck,No,,0,Portrait_2018_027.jpg,,0,,,,1,,,2,,27,0.5,F,
43393,42619,Igor Batoukov,,"Tues., Wed.",Technology,Data Entry,"San Francisco, CA 94109",USA,San Francisco,"San Francisco:http://maps.google.com/maps?f=q&hl=en&q=san+francisco,+ca&ll=37.806393,-122.418294&spn=0.014139,0.042915&t=k",(415) 371-1919,Yes,18,,A,3/2/1966,CA,2,2,Medium High,ibatoukov@orgchart.com,x30823,C,94109,A,"121 Kearny Street, Ste 121",American,Black or African American,5/18/2004,,,"$60,000",M,43,Possible,(510) 354-9142,,Filled,0,Igor,0,614,$,Batoukov,No,,0,Face011.jpg,Yes,0,,,,2,,F,2,,21,0.5,A,
4434,4429,Gary Montgomery,,,Human Resources,Senior Recruiter,"San Francisco, CA 94109",USA,San Francisco,"San Francisco:http://maps.google.com/maps?f=q&hl=en&q=san+francisco,+ca&ll=37.806393,-122.418294&spn=0.014139,0.042915&t=k",(415) 371-1919,Yes,19,,U,8/19/1941,CA,1,2,Low,gmontgomery@orgchart.com,x20480,FT,94109,A,"121 Kearny Street, Ste 121","American, Korean",Asian,5/13/1992,,,"$43,000",M,67,Possible,(510) 354-9018,,Filled,0,Gary,0,128,"$37,500",Montgomery,Climber,,0,Portrait_2017_042.jpg,Yes,0,,,,2,,,2,,33,1,D,
4436,4435,Ned Montgomery,,,Human Resources,Benefits Administrator,"San Francisco, CA 94109",USA,San Francisco,"San Francisco:http://maps.google.com/maps?f=q&hl=en&q=san+francisco,+ca&ll=37.806393,-122.418294&spn=0.014139,0.042915&t=k",(415) 371-1919,No,18,,U,5/6/1974,CA,2,3,Low,nmontgomery@orgchart.com,x19449,PT,94109,A,"121 Kearny Street, Ste 121","American, Indian",American Indian or Alaska Native Count,4/14/1998,,,"$36,000",M,35,Low,(408) 897-5682,,Filled,0,Ned,0,422,"$39,000",Montgomery,Climber,,0,portrait_2017_068.jpg,No,0,,,,2,,U,3,,27,0.5,A,
4437,4429,Victor Mizik,,,Human Resources,Recruiting Specialist,"San Francisco, CA 94109",USA,San Francisco,"San Francisco:http://maps.google.com/maps?f=q&hl=en&q=san+francisco,+ca&ll=37.806393,-122.418294&spn=0.014139,0.042915&t=k",(415) 371-1919,No,18,,U,11/25/1983,CA,3,2,High,vmizik@orgchart.com,x06174,FT,94109,A,"121 Kearny Street, Ste 121","American, French",Hispanic or Latino,10/7/1995,,,"$39,000",M,25,High,(313) 568-4627,,Filled,0,Victor,0,197,"$41,500",Mizik,Climber,,0,Face026.jpg,Yes,0,,,,1,,,1,,30,1,D,
4470,4435,Isaac Meyler,,"Tues., Thrs.",Human Resources,401k Administrator Senior,"San Francisco, CA 94109",USA,San Francisco,"San Francisco:http://maps.google.com/maps?f=q&hl=en&q=san+francisco,+ca&ll=37.806393,-122.418294&spn=0.014139,0.042915&t=k",(415) 371-1919,No,18,,U,4/4/1961,CA,3,3,N/A,imeyler@orgchart.com,x16623,FT,94109,LOA,"121 Kearny Street, Ste 121",French,White,7/11/1997,,,"$35,000",M,48,High,(568) 569-9018,,Filled,0,Isaac,0,467,"$32,500",Meyler,Climber,,0,Face016.jpg,N/A,0,,,,1,,F,5,,28,1,E,
4471,4472,Craig Malone,,,Human Resources,Payroll Administrator,"San Francisco, CA 94109",USA,San Francisco,"San Francisco:http://maps.google.com/maps?f=q&hl=en&q=san+francisco,+ca&ll=37.806393,-122.418294&spn=0.014139,0.042915&t=k",(415) 371-1919,No,18,,U,9/13/1948,CA,2,3,Medium High,cmalone@orgchart.com,x11206,C,94109,A,"121 Kearny Street, Ste 121",French,Native Hawaiian or Other Pacific Islander,6/7/2004,,,"$39,000",M,60,Possible,(510) 354-9019,,Filled,0,Craig,0,572,$,Malone,Climber,,0,Face005.jpg,No,0,,,,2,,U,3,,21,0.5,F,
4473,4472,Vladimir Karimov,,"Tues., Thrs.",Human Resources,Payroll Administrator,"San Francisco, CA 94109",USA,San Francisco,"San Francisco:http://maps.google.com/maps?f=q&hl=en&q=san+francisco,+ca&ll=37.806393,-122.418294&spn=0.014139,0.042915&t=k",(415) 371-1919,Yes,18,,U,3/5/1941,CA,2,3,High,vkarimov@orgchart.com,x03923,FT,94109,A,"121 Kearny Street, Ste 121",British,American Indian or Alaska Native Count,6/2/1992,,,"$36,000",M,68,Immediate,(313) 568-4628,,Filled,0,Vladimir,0,400,"$40,000",Karimov,No,,0,portrait_2017_066.jpg,No,0,,,,2,,U,2,,33,1,C,
5,1,Cameron Rogers,,"Mon., Tues., Wed.",Marketing,"VP, Marketing","New York, NY",USA,New York,"New York Office:http://maps.google.com/maps?f=q&hl=en&q=new+York,+USA&ll=40.730348,-73.956184&spn=0.108489,0.343323&t=k",(415) 371-1919,No,22,,Q,4/8/1945,NY,2,1,Low,crogers@orgchart.com,x21103,FT,10022,A,725 5th Ave,American,Hispanic or Latino,6/3/1992,,,"$119,000",M,64,Immediate,(510) 354-9039,,Filled,0,Cameron,0,6,"$1,500,000",Rogers,No,,0,portrait_2018_019.jpg,Yes,35,,,,1,1,,4,2,33,,C,
6,1,Gary Finley,,"Mon., Tues., Wed.",Operations,"SVP, North America","New York, NY",USA,New York,"New York Office:http://maps.google.com/maps?f=q&hl=en&q=new+York,+USA&ll=40.730348,-73.956184&spn=0.108489,0.343323&t=k",(415) 371-1919,No,22,,N,9/14/1974,NY,2,3,Medium,gfinley@orgchart.com,x17816,FT,10022,A,725 5th Ave,American,American Indian or Alaska Native Count,9/7/1994,,,"$118,000",M,34,Immediate,(408) 897-5726,,Filled,0,Gary,0,7,"$2,500,000",Finley,Flyer,,0,184194.jpg,No,38,,,,1,,,2,1,31,,D,
6872,6870,Gary Feeney,,"Mon., Tues., Wed.",Finance,Senior Analyst,"San Francisco, CA 94109",USA,San Francisco,"San Francisco:http://maps.google.com/maps?f=q&hl=en&q=san+francisco,+ca&ll=37.806393,-122.418294&spn=0.014139,0.042915&t=k",(415) 371-1919,Yes,19,,T,7/17/1967,CA,3,3,Medium High,gfeeney@orgchart.com,x22943,C,94109,A,"121 Kearny Street, Ste 121",American,Hispanic or Latino,8/18/2005,,,"$48,000",M,41,Immediate,(254) 325-8992,,Filled,0,Gary,0,601,"$150,000",Feeney,Flyer,,0,Face008.jpg,Yes,0,,,,2,,,3,,20,0.5,D,
6875,6872,John Crenshaw,,"Tues., Wed.",Finance,Analyst Product,"San Francisco, CA 94109",EMEA,London,"London Office:http://maps.google.com/maps?f=q&hl=en&q=london,+uk&ll=51.500197,-0.126197&spn=5.704974,21.972659",(415) 371-1919,No,18,,T,12/12/1969,CA,2,3,Low,jcrenshaw@orgchart.com,x00228,FT,94109,A,"121 Kearny Street, Ste 121",American,White,3/22/1997,,,"$36,000",M,39,Immediate,(510) 354-9025,,Filled,0,John,0,382,"$32,500",Crenshaw,Flyer,,0,portrait_2017_001.jpg,No,0,,,,2,1,F,1,,28,1,A,
6902,6873,Blaire Cass,,"Mon., Tues., Wed.",Finance,Project Finance Coordinator,"San Francisco, CA 94109",EMEA,London,"London Office:http://maps.google.com/maps?f=q&hl=en&q=london,+uk&ll=51.500197,-0.126197&spn=5.704974,21.972660",(415) 371-1919,No,18,,T,8/27/1971,CA,3,3,Low,bcass@orgchart.com,x25044,C,94109,A,"121 Kearny Street, Ste 121",American,Hispanic or Latino,8/16/2005,,,"$53,000",M,37,Possible,(313) 568-4634,,Filled,0,Blaire,0,550,$,Cass,No,,0,portrait_2017_005.jpg,Yes,0,,,,2,,F,5,,20,0.5,C,
6903,6873,Francis Bishop,,"Mon., Tues., Wed.",Finance,Project Finance Coordinator,London,EMEA,London,"London Office:http://maps.google.com/maps?f=q&hl=en&q=london,+uk&ll=51.500197,-0.126197&spn=5.704974,21.972661",(415) 371-1919,Yes,18,,T,6/20/1941,CA,3,2,Low,fbishop@orgchart.com,x02337,FT,94109,A,"121 Kearny Street, Ste 121",American,Hispanic or Latino,5/13/1997,,,"$35,000",M,67,Possible,(254) 325-8993,,Filled,0,Francis,0,456,"$40,000",Bishop,Flyer,,0,portrait_2017_084.jpg,No,0,Y,,,2,,,3,,28,1,D,
6905,6873,Kim Alexander,,"Tues., Wed.",Finance,Analyst,"San Francisco, CA 94109",EMEA,London,"London Office:http://maps.google.com/maps?f=q&hl=en&q=london,+uk&ll=51.500197,-0.126197&spn=5.704974,21.972662",(415) 371-1919,Yes,18,,T,7/21/1941,CA,2,3,Medium Low,kalexander@orgchart.com,x18232,FT,94109,A,"121 Kearny Street, Ste 121",American,White,3/10/2004,,,"$39,000",M,67,Low,(510) 354-9026,,Filled,0,Kim,0,180,"$44,500",Alexander,Flyer,,0,portrait_2017_089.jpg,Yes,0,,,,2,,U,2,,21,1,B,
7143,6871,Ren Kong,,"Mon., Tues., Wed.",Finance,Budget Analyst,"San Francisco, CA 94109",USA,San Francisco,"San Francisco:http://maps.google.com/maps?f=q&hl=en&q=san+francisco,+ca&ll=37.806393,-122.418294&spn=0.014139,0.042915&t=k",(415) 371-1919,No,18,,S,12/11/1955,CA,2,2,Medium,rkong@orgchart.com,x22009,PT,94109,A,"121 Kearny Street, Ste 121",African,Black or African American,6/4/2005,,,"$36,000",M,53,Immediate,(313) 568-4637,,Filled,0,Ren,0,423,"$39,000",Kong,No,,0,portrait_2017_092.jpg,No,0,,,,2,,F,4,,20,0.5,C,
8146,8135,Bruce Alvarado,,"Mon., Tues., Wed.",Finance,Analyst,"San Francisco, CA 94109",USA,San Francisco,"San Francisco:http://maps.google.com/maps?f=q&hl=en&q=san+francisco,+ca&ll=37.806393,-122.418294&spn=0.014139,0.042915&t=k",(415) 371-1919,Yes,18,,V,7/21/1941,CA,2,2,Low,balvarado@orgchart.com,x26764,FT,94109,A,"121 Kearny Street, Ste 121",American,Black or African American,1/7/1993,,,"$35,000",M,24,Low,(254) 325-8981,,Filled,0,Bruce,0,436,"$30,500",Alvarado,Flyer,,0,portrait_2017_071.jpg,Yes,0,Y,,,1,1,F,1,,32,1,F,
8298,8135,Ben Werner,,"Tues., Thrs.",Finance,Analyst,"San Francisco, CA 94109",USA,San Francisco,"San Francisco:http://maps.google.com/maps?f=q&hl=en&q=san+francisco,+ca&ll=37.806393,-122.418294&spn=0.014139,0.042915&t=k",(415) 371-1919,Yes,18,,U,9/5/1941,CA,2,2,Medium,bwerner@orgchart.com,x20719,FT,94109,A,"121 Kearny Street, Ste 121",Danish,White,4/25/1997,,,"$37,000",M,24,Possible,(510) 354-9015,,Filled,0,Ben,0,296,"$32,500",Werner,No,,0,Face007.jpg,No,0,Y,,,2,1,F,5,,28,1,F,
8425,8136,Rui Shi,,"Tues., Wed.",Finance,Analyst,"San Francisco, CA 94109",EMEA,London,"London Office:http://maps.google.com/maps?f=q&hl=en&q=london,+uk&ll=51.500197,-0.126197&spn=5.704974,21.972656",(415) 371-1919,No,18,,U,7/26/1968,CA,3,3,Medium High,rshi@orgchart.com,x06759,FT,94109,A,"121 Kearny Street, Ste 121",American,Asian,1/16/2008,,,"$37,000",M,40,High,(313) 568-4625,,Filled,0,Rui,0,327,"$33,000",Shi,No,,0,Portrait_2017_045.jpg,Yes,0,,,,2,,F,2,,17,1,A,
43396,5,Vacant,1,,Marketing,Marketing Manager,"San Francisco, CA 94109",USA,"San Francisco, CA","San Francisco:http://maps.google.com/maps?f=q&hl=en&q=san+francisco,+ca&ll=37.806393,-122.418294&spn=0.014139,0.042915&t=k",,,21,1,,,CA,,0,,,,FT,94109,,"121 Kearny Street, Ste 121",,,,,,"$75,000",M,,,,,Open,0,,0,29,$,,,,,silhouette.jpg,,0,,,,1,,v,1,,,1,D,
43397,30859,Vacant,1,,Marketing,Marketing Specialist,"San Francisco, CA 94109",USA,"San Francisco, CA","San Francisco:http://maps.google.com/maps?f=q&hl=en&q=san+francisco,+ca&ll=37.806393,-122.418294&spn=0.014139,0.042915&t=k",,,20,1,,,CA,,0,,,,FT,94109,,"121 Kearny Street, Ste 121",American,White,,,,"$95,000",M,,,,,Open,0,,0,20,$,,,,,silhouette.jpg,,0,Y,,,2,,v,2,,,1,C,
43398,30858,Vacant,,,Operations,Training Specialist,"San Francisco, CA 94109",USA,"San Francisco, CA","San Francisco:http://maps.google.com/maps?f=q&hl=en&q=san+francisco,+ca&ll=37.806393,-122.418294&spn=0.014139,0.042915&t=k",,,21,1,,,CA,,0,,,,FT,94109,,"121 Kearny Street, Ste 121",,,,,,"$66,000",M,,,,,Open,0,,0,703,$,,,,,,,0,,,,1,1,,3,,,1,B,
43400,4429,Vacant,,,Human Resources,Recruiting Specialist,"San Francisco, CA 94109",USA,"San Francisco, CA","San Francisco:http://maps.google.com/maps?f=q&hl=en&q=san+francisco,+ca&ll=37.806393,-122.418294&spn=0.014139,0.042915&t=k",,,19,1,,,CA,,0,,,,FT,94109,,"121 Kearny Street, Ste 121",,,,,,"$77,000",M,,,,,Open,0,,0,705,$,,,,,,,0,,,,1,,,5,,,1,A,
43401,28348,Vacant,1,,Operations,Operations Specialist,"San Francisco, CA 94109",USA,"San Francisco, CA","San Francisco:http://maps.google.com/maps?f=q&hl=en&q=san+francisco,+ca&ll=37.806393,-122.418294&spn=0.014139,0.042915&t=k",,,20,1,,,CA,,0,,,,C,94109,,"121 Kearny Street, Ste 121",,,,,,"$48,000",M,,High,,,Open,0,,0,688,$,,Climber,,,silhouette.jpg,,0,,,,1,,v,4,,,0.5,F,